Enh,Replica,Cell,Deg,NPeaks,MeanTON,MeanToff,ActTime,MeanFluor,Nbursts
enhDOWN_interp,0,0,339.24050632911394,1,1.0,,1.0,130.84411633109661,1
enhDOWN_interp,0,1,268.3544303797468,4,1.75,17.0,58.0,177.34478747203644,4
enhDOWN_interp,0,2,224.0506329113924,9,2.4444444444444446,4.625,59.0,350.4239373601776,9
enhDOWN_interp,0,3,197.46835443037975,10,2.1,4.222222222222222,59.0,260.6753691275167,10
enhDOWN_interp,0,4,108.86075949367088,9,1.4444444444444444,12.75,115.0,210.0792617449663,9
enhDOWN_interp,0,5,259.49367088607596,7,2.142857142857143,14.5,102.0,244.70769574944075,7
enhDOWN_interp,0,6,339.24050632911394,3,2.0,30.5,67.0,199.69398210290848,3
enhDOWN_interp,0,7,294.9367088607595,13,2.6923076923076925,4.153846153846154,89.0,550.691677852349,13
enhDOWN_interp,0,8,250.63291139240505,5,1.8,5.0,29.0,210.8526398210289,5
enhDOWN_interp,0,9,277.21518987341767,8,1.625,4.571428571428571,45.0,217.1915659955257,8
enhDOWN_interp,0,10,259.49367088607596,8,2.25,10.571428571428571,92.0,285.38702460850095,8
enhDOWN_interp,0,11,330.37974683544303,3,2.3333333333333335,12.333333333333334,44.0,203.80183445190104,3
enhDOWN_interp,0,12,356.96202531645565,7,2.142857142857143,10.333333333333334,77.0,279.388008948546,7
enhDOWN_interp,0,13,250.63291139240505,8,2.375,8.875,90.0,340.27986577181224,8
enhDOWN_interp,0,14,144.30379746835442,8,3.25,7.0,82.0,404.28364653243875,8
enhDOWN_interp,0,15,144.30379746835442,7,1.5714285714285714,11.5,80.0,193.9770469798655,7
enhDOWN_interp,0,16,294.9367088607595,12,2.1666666666666665,4.636363636363637,77.0,470.11337807606276,12
enhDOWN_interp,0,17,286.0759493670886,4,2.5,18.333333333333332,65.0,194.3419239373604,4
enhDOWN_interp,0,18,224.0506329113924,7,1.7142857142857142,8.285714285714286,70.0,243.3167561521248,7
enhDOWN_interp,0,19,259.49367088607596,12,2.5,5.7272727272727275,93.0,403.7306040268458,12
enhDOWN_interp,0,20,153.1645569620253,5,2.2,3.25,24.0,202.92091722595094,5
enhDOWN_interp,0,21,356.96202531645565,12,2.1666666666666665,5.7272727272727275,89.0,404.89612975391503,12
enhDOWN_interp,0,22,339.24050632911394,13,2.6153846153846154,7.083333333333333,119.0,633.824451901566,13
enhDOWN_interp,0,23,162.0253164556962,10,2.4,6.444444444444445,82.0,318.3888143176733,10
enhDOWN_interp,0,24,418.98734177215186,6,1.3333333333333333,22.0,118.0,207.33064876957505,6
enhDOWN_interp,0,25,197.46835443037975,8,2.625,7.0,70.0,367.24525727069323,8
enhDOWN_interp,0,26,100.0,6,2.5,10.4,67.0,212.99514541387066,6
enhDOWN_interp,0,27,294.9367088607595,7,1.5714285714285714,8.714285714285714,72.0,206.8543624161074,7
enhDOWN_interp,0,28,188.60759493670884,5,1.2,11.25,51.0,160.71919463087232,5
enhDOWN_interp,0,29,294.9367088607595,4,1.75,5.0,22.0,193.3161744966442,4
enhDOWN_interp,0,30,197.46835443037975,6,1.6666666666666667,8.2,51.0,215.82328859060416,6
enhDOWN_interp,0,31,144.30379746835442,8,1.625,5.857142857142857,54.0,196.379395973156,8
enhDOWN_interp,0,32,117.72151898734177,4,1.5,10.666666666666666,38.0,167.04458612975387,4
enhDOWN_interp,0,33,241.77215189873417,3,1.0,35.0,73.0,184.47606263982044,3
enhDOWN_interp,0,34,268.3544303797468,10,1.9,12.333333333333334,130.0,277.5658165548097,10
enhDOWN_interp,0,35,197.46835443037975,8,2.25,8.714285714285714,79.0,311.44064876957475,8
enhDOWN_interp,0,36,268.3544303797468,5,3.2,3.5,30.0,367.7822147651008,5
enhDOWN_interp,0,37,108.86075949367088,5,1.4,11.25,52.0,188.09147651006714,5
enhDOWN_interp,0,38,197.46835443037975,6,3.3333333333333335,8.666666666666666,72.0,403.0093736017893,6
enhDOWN_interp,0,39,117.72151898734177,6,1.6666666666666667,8.8,54.0,168.4756823266218,6
enhDOWN_interp,0,40,170.88607594936707,11,1.5454545454545454,8.9,106.0,258.5091722595083,11
enhDOWN_interp,0,41,268.3544303797468,11,2.3636363636363638,4.3,69.0,414.9872035794184,11
enhDOWN_interp,0,42,427.8481012658228,7,2.142857142857143,11.714285714285714,97.0,330.2858165548101,7
enhDOWN_interp,0,43,569.620253164557,11,1.8181818181818181,5.7,77.0,386.72348993288597,11
enhDOWN_interp,0,44,179.74683544303798,4,1.5,15.0,51.0,226.91248322147652,4
enhDOWN_interp,0,45,188.60759493670884,4,1.75,12.0,43.0,208.56225950782996,4
enhDOWN_interp,0,46,108.86075949367088,11,2.4545454545454546,5.6,83.0,288.9233557046983,11
enhDOWN_interp,0,47,481.0126582278481,9,1.4444444444444444,10.125,94.0,281.89469798657774,9
enhDOWN_interp,0,48,153.1645569620253,10,2.6,8.222222222222221,100.0,361.37496644295317,10
enhDOWN_interp,0,49,472.15189873417717,8,1.625,9.285714285714286,78.0,265.73123042505586,8
enhDOWN_interp,0,50,489.87341772151893,12,1.75,6.0,87.0,427.83570469798724,12
enhDOWN_interp,0,51,188.60759493670884,4,1.75,12.0,43.0,184.93322147651003,4
enhDOWN_interp,0,52,348.1012658227848,8,1.5,5.0,52.0,225.23266219239346,8
enhDOWN_interp,0,53,100.0,10,2.9,7.444444444444445,96.0,409.79355704698065,10
enhDOWN_interp,0,54,170.88607594936707,9,2.3333333333333335,5.75,67.0,355.86465324384807,9
enhDOWN_interp,0,55,339.24050632911394,1,4.0,,4.0,171.69968680089593,1
enhDOWN_interp,0,56,401.2658227848101,3,2.6666666666666665,11.0,30.0,220.17161073825488,3
enhDOWN_interp,0,57,250.63291139240505,13,2.6153846153846154,6.083333333333333,107.0,526.0947427293071,13
enhDOWN_interp,0,58,135.44303797468353,2,1.5,13.0,16.0,151.89454138702465,2
enhDOWN_interp,0,59,286.0759493670886,5,2.4,7.25,41.0,231.99821029082784,5
enhDOWN_interp,0,60,224.0506329113924,4,2.5,3.6666666666666665,21.0,205.36454138702513,4
enhDOWN_interp,0,61,286.0759493670886,6,2.5,14.0,99.0,274.8657270693512,6
enhDOWN_interp,0,62,702.5316455696202,12,1.8333333333333333,6.636363636363637,95.0,553.4784787472041,12
enhDOWN_interp,0,63,100.0,3,3.3333333333333335,3.5,17.0,167.65469798657722,3
enhDOWN_interp,0,64,321.5189873417721,10,2.0,6.777777777777778,81.0,291.0759060402685,10
enhDOWN_interp,0,65,259.49367088607596,12,2.3333333333333335,5.7272727272727275,91.0,406.2887919463082,12
enhDOWN_interp,0,66,321.5189873417721,11,1.5454545454545454,8.7,104.0,290.5663087248322,11
enhDOWN_interp,0,67,153.1645569620253,13,3.230769230769231,7.083333333333333,127.0,528.009552572707,13
enhDOWN_interp,0,68,188.60759493670884,6,1.8333333333333333,5.666666666666667,45.0,211.75134228187923,6
enhDOWN_interp,0,69,153.1645569620253,13,3.230769230769231,3.5833333333333335,85.0,706.2012080536913,13
enhDOWN_interp,0,70,401.2658227848101,5,1.6,12.8,72.0,249.13532438478742,5
enhDOWN_interp,0,71,294.9367088607595,7,2.857142857142857,9.166666666666666,75.0,434.37655480984336,7
enhDOWN_interp,0,72,153.1645569620253,8,1.75,6.714285714285714,61.0,209.46868008948587,8
enhDOWN_interp,0,73,303.79746835443035,2,1.0,3.0,5.0,145.3721923937358,2
enhDOWN_interp,0,74,259.49367088607596,7,1.2857142857142858,10.166666666666666,70.0,195.93458612975394,7
enhDOWN_interp,0,75,401.2658227848101,13,2.4615384615384617,4.083333333333333,81.0,579.7973825503358,13
enhDOWN_interp,0,76,294.9367088607595,9,2.0,9.375,93.0,294.43686800894864,9
enhDOWN_interp,0,77,224.0506329113924,10,2.5,5.1,76.0,392.7104697986577,10
enhDOWN_interp,0,78,489.87341772151893,7,2.142857142857143,5.666666666666667,49.0,297.92856823266175,7
enhDOWN_interp,0,79,162.0253164556962,6,1.5,7.2,45.0,189.9322595078299,6
enhDOWN_interp,0,80,348.1012658227848,1,1.0,,1.0,144.68494407158786,1
enhDOWN_interp,0,81,197.46835443037975,11,2.090909090909091,7.6,99.0,303.8955257270693,11
enhDOWN_interp,0,82,472.15189873417717,9,2.4444444444444446,8.875,93.0,457.78946308724795,9
enhDOWN_interp,0,83,348.1012658227848,6,3.0,12.0,78.0,353.30510067114153,6
enhDOWN_interp,0,84,543.0379746835442,10,2.5,6.444444444444445,83.0,582.9428859060406,10
enhDOWN_interp,0,85,330.37974683544303,8,2.25,14.142857142857142,117.0,351.0077404921695,8
enhDOWN_interp,0,86,197.46835443037975,9,2.4444444444444446,5.555555555555555,72.0,352.1875615212525,9
enhDOWN_interp,0,87,543.0379746835442,10,2.5,6.444444444444445,83.0,581.7928859060406,10
enhDOWN_interp,0,88,330.37974683544303,10,2.3,10.11111111111111,114.0,306.33125279642064,10
enhDOWN_interp,0,89,330.37974683544303,9,2.3333333333333335,7.125,78.0,347.9117002237139,9
enhDOWN_interp,0,90,472.15189873417717,2,1.5,37.0,77.0,179.7861073825514,2
enhDOWN_interp,0,91,418.98734177215186,12,1.8333333333333333,6.636363636363637,95.0,402.4205816554812,12
enhDOWN_interp,0,92,277.21518987341767,6,2.0,11.0,78.0,241.35917225950786,6
enhDOWN_interp,0,93,108.86075949367088,9,2.2222222222222223,8.5,88.0,277.67543624161095,9
enhDOWN_interp,0,94,277.21518987341767,6,2.3333333333333335,6.2,45.0,268.34154362416086,6
enhDOWN_interp,0,95,268.3544303797468,9,2.111111111111111,13.875,130.0,275.43357941834455,9
enhDOWN_interp,0,96,286.0759493670886,9,2.0,7.375,77.0,367.7345190156613,9
enhDOWN_interp,0,97,286.0759493670886,12,1.5833333333333333,6.818181818181818,94.0,282.81937360178955,12
enhDOWN_interp,0,98,197.46835443037975,9,2.2222222222222223,8.125,85.0,346.72259507829943,9
enhDOWN_interp,0,99,224.0506329113924,6,3.3333333333333335,11.166666666666666,87.0,343.78809843400387,6
enhDOWN_interp,0,100,321.5189873417721,7,1.7142857142857142,6.0,48.0,261.880447427293,7
enhDOWN_interp,0,101,277.21518987341767,9,2.111111111111111,14.125,132.0,310.9358389261759,9
enhDOWN_interp,0,102,286.0759493670886,7,2.142857142857143,8.833333333333334,68.0,318.26138702460867,7
enhDOWN_interp,0,103,489.87341772151893,7,2.4285714285714284,5.833333333333333,52.0,384.8046085011187,7
enhDOWN_interp,0,104,188.60759493670884,8,2.375,6.0,61.0,273.92149888143155,8
enhDOWN_interp,0,105,569.620253164557,8,2.625,9.0,84.0,489.40651006711454,8
enhDOWN_interp,0,106,277.21518987341767,6,3.8333333333333335,14.8,97.0,361.66114093959743,6
enhDOWN_interp,0,107,135.44303797468353,7,2.5714285714285716,6.833333333333333,59.0,212.8899328859064,7
enhDOWN_interp,0,108,100.0,4,3.0,10.0,42.0,207.51355704697983,4
enhDOWN_interp,0,109,135.44303797468353,5,1.8,15.0,69.0,206.9849440715883,5
enhDOWN_interp,0,110,427.8481012658228,11,2.0,7.1,93.0,525.4321476510067,11
enhDOWN_interp,0,111,401.2658227848101,4,2.75,22.333333333333332,78.0,303.40422818791944,4
enhDOWN_interp,0,112,135.44303797468353,9,2.0,7.5,78.0,263.31387024608557,9
enhDOWN_interp,0,113,250.63291139240505,6,2.5,9.8,64.0,258.03053691275187,6
enhDOWN_interp,0,114,153.1645569620253,9,1.4444444444444444,14.25,127.0,233.28008948545911,9
enhDOWN_interp,0,115,144.30379746835442,7,2.142857142857143,9.571428571428571,82.0,256.32615212527946,7
enhDOWN_interp,0,116,162.0253164556962,15,2.6666666666666665,4.642857142857143,105.0,422.1165100671138,15
enhDOWN_interp,0,117,108.86075949367088,7,1.8571428571428572,5.333333333333333,45.0,191.53465324384786,7
enhDOWN_interp,0,118,268.3544303797468,7,1.5714285714285714,13.333333333333334,91.0,270.7918120805359,7
enhDOWN_interp,0,119,356.96202531645565,6,1.5,12.166666666666666,82.0,220.78375838926266,6
enhDOWN_interp,0,120,224.0506329113924,6,2.3333333333333335,7.4,51.0,324.0679418344518,6
enhDOWN_interp,0,121,135.44303797468353,12,2.25,7.545454545454546,110.0,307.09152125279644,12
enhDOWN_interp,0,122,321.5189873417721,7,1.8571428571428572,11.5,82.0,265.7526621923941,7
enhDOWN_interp,0,123,401.2658227848101,3,1.3333333333333333,6.5,17.0,175.93469798657705,3
enhDOWN_interp,0,124,481.0126582278481,11,2.272727272727273,6.2,87.0,465.85183445190165,11
enhDOWN_interp,0,125,170.88607594936707,12,2.3333333333333335,4.909090909090909,82.0,334.37438478747185,12
enhDOWN_interp,0,126,321.5189873417721,6,3.1666666666666665,11.2,75.0,419.5237360178972,6
enhDOWN_interp,0,127,294.9367088607595,9,1.6666666666666667,8.0,79.0,250.74360178970934,9
enhDOWN_interp,0,128,286.0759493670886,14,2.4285714285714284,4.153846153846154,88.0,497.3366219239372,14
enhDOWN_interp,0,129,268.3544303797468,3,3.3333333333333335,9.5,29.0,208.9687248322147,3
enhDOWN_interp,0,130,277.21518987341767,7,2.857142857142857,4.833333333333333,49.0,312.6570917225954,7
enhDOWN_interp,0,131,321.5189873417721,11,2.090909090909091,4.9,72.0,351.0819015659953,11
enhDOWN_interp,0,132,170.88607594936707,3,3.0,32.5,74.0,190.92782997763007,3
enhDOWN_interp,0,133,135.44303797468353,9,1.5555555555555556,6.75,68.0,217.79382550335566,9
enhDOWN_interp,0,134,135.44303797468353,0,,,,151.6166890380311,0
enhDOWN_interp,0,135,356.96202531645565,6,1.3333333333333333,13.8,77.0,252.30731543624225,6
enhDOWN_interp,0,136,153.1645569620253,7,2.0,6.333333333333333,52.0,199.57563758389335,7
enhDOWN_interp,0,137,197.46835443037975,9,2.6666666666666665,7.375,83.0,322.26599552572685,9
enhDOWN_interp,0,138,294.9367088607595,12,1.8333333333333333,8.454545454545455,115.0,385.54454138702516,12
enhDOWN_interp,0,139,348.1012658227848,9,1.7777777777777777,8.75,86.0,327.6840492170028,9
enhDOWN_interp,0,140,135.44303797468353,6,1.8333333333333333,10.166666666666666,72.0,217.5977181208056,6
enhDOWN_interp,0,141,170.88607594936707,9,2.111111111111111,7.625,80.0,284.4216107382548,9
enhDOWN_interp,0,142,250.63291139240505,6,1.6666666666666667,8.6,53.0,232.28937360179015,6
enhDOWN_interp,0,143,100.0,10,2.2,3.4444444444444446,53.0,210.1549888143177,10
enhDOWN_interp,0,144,268.3544303797468,14,2.357142857142857,4.538461538461538,92.0,515.5809395973163,14
enhDOWN_interp,0,145,224.0506329113924,4,2.25,19.0,66.0,212.9347651006707,4
enhDOWN_interp,0,146,250.63291139240505,8,2.0,7.125,73.0,261.3156375838916,8
enhDOWN_interp,0,147,224.0506329113924,8,2.125,8.428571428571429,76.0,307.816599552573,8
enhDOWN_interp,0,148,197.46835443037975,9,2.4444444444444446,6.125,71.0,289.17870246084993,9
enhDOWN_interp,0,149,197.46835443037975,9,1.6666666666666667,8.5,83.0,268.54928411633125,9
enhDOWN_interp,1,0,277.21518987341767,3,2.0,10.0,26.0,185.57302013422813,3
enhDOWN_interp,1,1,286.0759493670886,6,1.6666666666666667,16.2,91.0,222.1324832214765,6
enhDOWN_interp,1,2,401.2658227848101,6,1.8333333333333333,23.0,126.0,245.3872035794191,6
enhDOWN_interp,1,3,259.49367088607596,10,1.5,12.444444444444445,127.0,287.0873154362416,10
enhDOWN_interp,1,4,144.30379746835442,3,1.6666666666666667,18.0,41.0,167.8781431767338,3
enhDOWN_interp,1,5,224.0506329113924,7,2.142857142857143,8.0,63.0,222.97257270693513,7
enhDOWN_interp,1,6,268.3544303797468,5,1.8,9.6,57.0,208.5144071588365,5
enhDOWN_interp,1,7,321.5189873417721,1,2.0,,2.0,159.57087248322097,1
enhDOWN_interp,1,8,427.8481012658228,1,1.0,,1.0,134.80051454138686,1
enhDOWN_interp,1,9,188.60759493670884,2,2.0,75.0,79.0,138.76322147651018,2
enhDOWN_interp,1,10,224.0506329113924,8,1.5,17.571428571428573,135.0,230.7906487695748,8
enhDOWN_interp,1,11,100.0,5,2.6,9.25,50.0,192.36217002237152,5
enhDOWN_interp,1,12,224.0506329113924,2,2.5,28.0,61.0,164.21955257270736,2
enhDOWN_interp,1,13,135.44303797468353,5,2.2,14.5,69.0,225.96467561521231,5
enhDOWN_interp,1,14,321.5189873417721,1,1.0,,1.0,157.79105145413857,1
enhDOWN_interp,1,15,179.74683544303798,8,2.0,14.571428571428571,118.0,263.9183445190157,8
enhDOWN_interp,1,16,418.98734177215186,1,1.0,,1.0,133.9448098434003,1
enhDOWN_interp,1,17,108.86075949367088,6,1.8333333333333333,5.2,37.0,215.4010067114095,6
enhDOWN_interp,1,18,135.44303797468353,10,2.0,12.6,146.0,311.4360626398223,10
enhDOWN_interp,1,19,268.3544303797468,8,2.25,9.285714285714286,83.0,320.1646085011188,8
enhDOWN_interp,1,20,224.0506329113924,3,1.6666666666666667,32.5,70.0,151.44557046979847,3
enhDOWN_interp,1,21,268.3544303797468,6,1.5,14.8,83.0,217.27176733780684,6
enhDOWN_interp,1,22,294.9367088607595,7,1.5714285714285714,12.5,86.0,221.92608501118525,7
enhDOWN_interp,1,23,268.3544303797468,8,2.25,9.285714285714286,83.0,340.6971364653243,8
enhDOWN_interp,1,24,800.0,5,1.4,21.75,94.0,222.33228187919477,5
enhDOWN_interp,1,25,232.91139240506328,4,1.5,22.0,72.0,181.99798657717804,4
enhDOWN_interp,1,26,100.0,4,2.25,27.25,118.0,179.26062639821083,4
enhDOWN_interp,1,27,108.86075949367088,7,2.2857142857142856,17.833333333333332,123.0,231.599373601789,7
enhDOWN_interp,1,28,321.5189873417721,4,3.25,10.333333333333334,44.0,323.66082774049227,4
enhDOWN_interp,1,29,170.88607594936707,4,3.5,19.333333333333332,72.0,252.53333333333333,4
enhDOWN_interp,1,30,224.0506329113924,4,1.0,45.333333333333336,140.0,161.9677404921706,4
enhDOWN_interp,1,31,215.18987341772151,7,1.7142857142857142,12.0,84.0,233.6073825503355,7
enhDOWN_interp,1,32,224.0506329113924,7,1.4285714285714286,9.666666666666666,68.0,182.79373601789797,7
enhDOWN_interp,1,33,153.1645569620253,2,2.0,54.0,58.0,137.43744966442935,2
enhDOWN_interp,1,34,516.4556962025316,1,3.0,,3.0,173.13827740492144,1
enhDOWN_interp,1,35,268.3544303797468,7,2.5714285714285716,13.333333333333334,98.0,284.98767337807607,7
enhDOWN_interp,1,36,224.0506329113924,1,2.0,,2.0,140.42060402684567,1
enhDOWN_interp,1,37,401.2658227848101,12,2.4166666666666665,9.272727272727273,131.0,485.0925279642058,12
enhDOWN_interp,1,38,259.49367088607596,6,1.6666666666666667,10.166666666666666,71.0,209.84883668903822,6
enhDOWN_interp,1,39,179.74683544303798,9,2.0,14.5,134.0,284.21747203579355,9
enhDOWN_interp,1,40,286.0759493670886,5,1.4,10.2,58.0,206.3010738255034,5
enhDOWN_interp,1,41,232.91139240506328,4,1.5,7.666666666666667,29.0,173.0111633109623,4
enhDOWN_interp,1,42,268.3544303797468,4,1.75,11.75,54.0,194.2410738255035,4
enhDOWN_interp,1,43,170.88607594936707,4,2.0,19.333333333333332,66.0,171.96302013422823,4
enhDOWN_interp,1,44,294.9367088607595,2,1.5,6.0,9.0,152.09044742729313,2
enhDOWN_interp,1,45,286.0759493670886,5,1.4,10.2,58.0,207.529485458613,5
enhDOWN_interp,1,46,410.126582278481,8,1.625,9.142857142857142,77.0,281.2165100671143,8
enhDOWN_interp,1,47,100.0,2,1.0,133.0,135.0,163.74293064876963,2
enhDOWN_interp,1,48,259.49367088607596,11,1.9090909090909092,7.5,96.0,307.2614765100664,11
enhDOWN_interp,1,49,135.44303797468353,3,1.0,34.5,72.0,144.55706935123,3
enhDOWN_interp,1,50,170.88607594936707,4,2.5,16.0,74.0,211.489172259508,4
enhDOWN_interp,1,51,215.18987341772151,3,1.6666666666666667,61.5,128.0,155.1534004474273,3
enhDOWN_interp,1,52,197.46835443037975,5,1.8,3.25,22.0,200.4488590604027,5
enhDOWN_interp,1,53,153.1645569620253,5,1.4,19.0,83.0,168.87912751677848,5
enhDOWN_interp,1,54,179.74683544303798,10,2.2,12.333333333333334,133.0,329.77136465324384,10
enhDOWN_interp,1,55,162.0253164556962,1,1.0,,1.0,130.33340044742715,1
enhDOWN_interp,1,56,179.74683544303798,9,2.3333333333333335,7.75,83.0,267.34344519015644,9
enhDOWN_interp,1,57,472.15189873417717,4,2.5,11.0,54.0,283.26259507829974,4
enhDOWN_interp,1,58,170.88607594936707,3,2.3333333333333335,13.0,33.0,161.00744966442952,3
enhDOWN_interp,1,59,250.63291139240505,5,2.0,18.5,84.0,204.77635346756162,5
enhDOWN_interp,1,60,153.1645569620253,3,3.6666666666666665,11.5,34.0,223.06928411633106,3
enhDOWN_interp,1,61,170.88607594936707,4,2.5,16.0,74.0,212.14711409395989,4
enhDOWN_interp,1,62,321.5189873417721,7,2.0,9.833333333333334,73.0,221.85950782997756,7
enhDOWN_interp,1,63,268.3544303797468,6,1.5,8.8,53.0,181.62252796420566,6
enhDOWN_interp,1,64,339.24050632911394,5,2.0,14.25,67.0,264.6629082774047,5
enhDOWN_interp,1,65,294.9367088607595,9,2.0,7.0,74.0,257.38230425055923,9
enhDOWN_interp,1,66,108.86075949367088,2,3.0,54.0,60.0,185.48686800894774,2
enhDOWN_interp,1,67,117.72151898734177,4,2.0,27.0,116.0,216.13742729306443,4
enhDOWN_interp,1,68,356.96202531645565,12,2.25,10.272727272727273,140.0,427.45161073825506,12
enhDOWN_interp,1,69,224.0506329113924,3,1.6666666666666667,2.0,9.0,139.72856823266227,3
enhDOWN_interp,1,70,197.46835443037975,5,1.4,27.25,116.0,197.48391498881463,5
enhDOWN_interp,1,71,197.46835443037975,3,1.6666666666666667,63.5,132.0,182.84501118568295,3
enhDOWN_interp,1,72,277.21518987341767,12,2.5,8.272727272727273,121.0,451.904317673378,12
enhDOWN_interp,1,73,144.30379746835442,4,2.5,18.333333333333332,65.0,205.6100447427291,4
enhDOWN_interp,1,74,135.44303797468353,8,2.0,6.142857142857143,59.0,219.08809843400485,8
enhDOWN_interp,1,75,170.88607594936707,3,2.3333333333333335,8.5,24.0,158.72917225950783,3
enhDOWN_interp,1,76,224.0506329113924,6,1.8333333333333333,20.0,131.0,218.1370022371366,6
enhDOWN_interp,1,77,339.24050632911394,5,1.4,19.25,84.0,203.7629753914989,5
enhDOWN_interp,1,78,321.5189873417721,7,1.5714285714285714,4.571428571428571,43.0,237.5929082774038,7
enhDOWN_interp,1,79,241.77215189873417,1,1.0,,1.0,147.9345861297538,1
enhDOWN_interp,1,80,135.44303797468353,2,2.5,56.0,61.0,141.96279642058124,2
enhDOWN_interp,1,81,224.0506329113924,6,2.3333333333333335,15.4,91.0,239.01921700223713,6
enhDOWN_interp,1,82,224.0506329113924,4,1.25,27.0,86.0,172.77456375838986,4
enhDOWN_interp,1,83,383.54430379746833,5,1.4,18.0,79.0,198.53800894854595,5
enhDOWN_interp,1,84,356.96202531645565,9,2.5555555555555554,13.555555555555555,145.0,416.473087248322,9
enhDOWN_interp,1,85,108.86075949367088,1,3.0,,3.0,118.1566219239372,1
enhDOWN_interp,1,86,197.46835443037975,12,2.6666666666666665,8.454545454545455,125.0,370.03668903803134,12
enhDOWN_interp,1,87,543.0379746835442,4,1.75,6.0,25.0,209.01767337807527,4
enhDOWN_interp,1,88,144.30379746835442,7,1.7142857142857142,19.833333333333332,131.0,196.43762863534664,7
enhDOWN_interp,1,89,135.44303797468353,3,1.3333333333333333,31.0,66.0,136.60299776286377,3
enhDOWN_interp,1,90,427.8481012658228,2,3.0,16.0,22.0,182.14794183445173,2
enhDOWN_interp,1,91,153.1645569620253,1,1.0,,1.0,138.2962192393732,1
enhDOWN_interp,1,92,436.70886075949363,7,1.4285714285714286,15.5,103.0,236.57008948545914,7
enhDOWN_interp,1,93,224.0506329113924,3,2.3333333333333335,29.666666666666668,96.0,161.99606263982096,3
enhDOWN_interp,1,94,250.63291139240505,4,2.5,6.666666666666667,30.0,220.19599552572708,4
enhDOWN_interp,1,95,286.0759493670886,4,2.25,5.333333333333333,25.0,210.40626398210298,4
enhDOWN_interp,1,96,188.60759493670884,3,2.3333333333333335,23.5,54.0,174.04476510067107,3
enhDOWN_interp,1,97,162.0253164556962,8,1.625,12.571428571428571,101.0,231.07592841163327,8
enhDOWN_interp,1,98,356.96202531645565,6,1.3333333333333333,13.8,77.0,212.18317673378095,6
enhDOWN_interp,1,99,286.0759493670886,7,1.4285714285714286,14.833333333333334,99.0,191.49087248322064,7
enhDOWN_interp,1,100,277.21518987341767,8,2.0,10.857142857142858,92.0,267.66727069351225,8
enhDOWN_interp,1,101,179.74683544303798,9,2.7777777777777777,12.0,121.0,420.364093959732,9
enhDOWN_interp,1,102,436.70886075949363,8,1.875,15.428571428571429,123.0,293.8957270693508,8
enhDOWN_interp,1,103,472.15189873417717,2,3.0,8.0,14.0,184.67912751677804,2
enhDOWN_interp,1,104,197.46835443037975,7,2.4285714285714284,5.5,50.0,254.11340044742775,7
enhDOWN_interp,1,105,170.88607594936707,5,1.6,15.0,68.0,192.16760626398118,5
enhDOWN_interp,1,106,268.3544303797468,5,1.6,7.0,36.0,215.96098434004574,5
enhDOWN_interp,1,107,117.72151898734177,2,1.5,30.0,33.0,146.76883668903815,2
enhDOWN_interp,1,108,259.49367088607596,8,1.75,13.285714285714286,107.0,252.11156599552575,8
enhDOWN_interp,1,109,135.44303797468353,7,2.142857142857143,12.0,87.0,264.5012080536903,7
enhDOWN_interp,1,110,197.46835443037975,4,2.25,10.0,39.0,216.08463087248333,4
enhDOWN_interp,1,111,108.86075949367088,4,2.5,16.0,58.0,201.2563758389256,4
enhDOWN_interp,1,112,489.87341772151893,3,1.3333333333333333,7.5,19.0,170.2214317673379,3
enhDOWN_interp,1,113,135.44303797468353,10,2.4,10.0,114.0,308.90525727069365,10
enhDOWN_interp,1,114,294.9367088607595,9,2.4444444444444446,12.5,122.0,362.5787695749437,9
enhDOWN_interp,1,115,144.30379746835442,2,2.5,31.0,36.0,151.57637583892614,2
enhDOWN_interp,1,116,117.72151898734177,2,1.0,10.0,12.0,131.02657718120807,2
enhDOWN_interp,1,117,286.0759493670886,4,2.0,20.666666666666668,70.0,154.47483221476523,4
enhDOWN_interp,1,118,179.74683544303798,4,2.5,10.0,40.0,190.59633109619693,4
enhDOWN_interp,1,119,108.86075949367088,3,1.6666666666666667,37.5,80.0,169.65185682326603,3
enhDOWN_interp,1,120,197.46835443037975,4,1.75,14.666666666666666,51.0,159.6751901565996,4
enhDOWN_interp,1,121,374.6835443037974,2,1.5,77.0,80.0,148.33581655480967,2
enhDOWN_interp,1,122,144.30379746835442,6,1.5,8.333333333333334,59.0,184.5263087248323,6
enhDOWN_interp,1,123,162.0253164556962,8,3.0,8.714285714285714,85.0,316.9565324384783,8
enhDOWN_interp,1,124,516.4556962025316,1,2.0,,2.0,182.18400447427345,1
enhDOWN_interp,1,125,294.9367088607595,1,1.0,,1.0,116.54380313199115,1
enhDOWN_interp,1,126,268.3544303797468,1,1.0,,1.0,115.91921700223732,1
enhDOWN_interp,1,127,215.18987341772151,5,2.0,30.5,132.0,212.99821029082761,5
enhDOWN_interp,1,128,250.63291139240505,5,1.8,22.75,100.0,208.7436017897095,5
enhDOWN_interp,1,129,179.74683544303798,5,1.6,7.25,37.0,175.73510067114088,5
enhDOWN_interp,1,130,250.63291139240505,8,1.75,16.625,147.0,265.6353691275171,8
enhDOWN_interp,1,131,153.1645569620253,7,1.7142857142857142,17.166666666666668,115.0,196.96751677852416,7
enhDOWN_interp,1,132,286.0759493670886,2,1.5,15.0,18.0,201.6923713646536,2
enhDOWN_interp,1,133,197.46835443037975,5,1.0,24.5,103.0,194.28241610738255,5
enhDOWN_interp,1,134,188.60759493670884,7,1.4285714285714286,14.0,94.0,215.64825503355712,7
enhDOWN_interp,1,135,427.8481012658228,2,2.0,34.0,38.0,168.20865771812095,2
enhDOWN_interp,1,136,294.9367088607595,4,1.25,17.0,73.0,200.60583892617404,4
enhDOWN_interp,1,137,321.5189873417721,7,1.8571428571428572,20.166666666666668,134.0,252.93187919463037,7
enhDOWN_interp,1,138,162.0253164556962,4,1.75,19.666666666666668,66.0,155.0678970917226,4
enhDOWN_interp,1,139,215.18987341772151,2,1.5,7.0,17.0,137.3037583892618,2
enhDOWN_interp,1,140,100.0,3,3.0,57.5,124.0,172.36583892617455,3
enhDOWN_interp,1,141,356.96202531645565,9,2.0,13.125,123.0,331.93427293064815,9
enhDOWN_interp,1,142,250.63291139240505,4,1.25,9.333333333333334,33.0,165.8563534675616,4
enhDOWN_interp,1,143,117.72151898734177,2,1.5,6.0,9.0,137.5805145413874,2
enhDOWN_interp,1,144,179.74683544303798,13,2.0,8.333333333333334,126.0,310.156129753915,13
enhDOWN_interp,1,145,100.0,0,,,,117.49653243847847,0
enhDOWN_interp,1,146,268.3544303797468,6,1.1666666666666667,23.333333333333332,147.0,164.23621923937333,6
enhDOWN_interp,1,147,241.77215189873417,11,2.090909090909091,4.181818181818182,69.0,301.2613199105146,11
enhDOWN_interp,1,148,153.1645569620253,2,3.0,1.0,7.0,172.70700223713612,2
enhDOWN_interp,1,149,153.1645569620253,3,1.6666666666666667,23.5,52.0,180.3305145413871,3
enhDOWN_interp,2,0,135.44303797468353,6,1.6666666666666667,7.0,45.0,197.09492170022384,6
enhDOWN_interp,2,1,348.1012658227848,10,1.9,5.333333333333333,67.0,318.26991051454115,10
enhDOWN_interp,2,2,162.0253164556962,9,3.0,5.888888888888889,80.0,415.4525055928406,9
enhDOWN_interp,2,3,277.21518987341767,8,3.25,9.857142857142858,95.0,414.3474720357942,8
enhDOWN_interp,2,4,197.46835443037975,6,1.5,22.0,119.0,175.79451901565994,6
enhDOWN_interp,2,5,153.1645569620253,1,1.0,,1.0,115.9992393736017,1
enhDOWN_interp,2,6,135.44303797468353,1,1.0,,1.0,130.13646532438486,1
enhDOWN_interp,2,7,100.0,6,2.0,3.8333333333333335,35.0,182.96908277404893,6
enhDOWN_interp,2,8,135.44303797468353,7,3.0,13.5,102.0,258.12530201342236,7
enhDOWN_interp,2,9,100.0,1,2.0,,2.0,144.82044742729306,1
enhDOWN_interp,2,10,170.88607594936707,8,2.75,7.75,84.0,274.566890380313,8
enhDOWN_interp,2,11,108.86075949367088,9,2.3333333333333335,7.625,82.0,226.78138702460816,9
enhDOWN_interp,2,12,294.9367088607595,6,1.1666666666666667,15.8,86.0,176.0431319910515,6
enhDOWN_interp,2,13,153.1645569620253,4,1.25,2.6666666666666665,13.0,168.19751677852443,4
enhDOWN_interp,2,14,215.18987341772151,3,2.3333333333333335,37.5,82.0,190.16498881431744,3
enhDOWN_interp,2,15,135.44303797468353,8,2.625,8.875,92.0,252.45387024608547,8
enhDOWN_interp,2,16,170.88607594936707,10,2.2,8.444444444444445,98.0,267.64753914988813,10
enhDOWN_interp,2,17,153.1645569620253,7,1.2857142857142858,9.333333333333334,65.0,175.0073601789709,7
enhDOWN_interp,2,18,356.96202531645565,2,1.5,26.0,29.0,142.8468232662185,2
enhDOWN_interp,2,19,153.1645569620253,5,2.2,11.75,58.0,215.8889261744968,5
enhDOWN_interp,2,20,162.0253164556962,8,2.25,7.428571428571429,70.0,242.5426398210291,8
enhDOWN_interp,2,21,100.0,4,1.25,36.333333333333336,114.0,162.7055480984341,4
enhDOWN_interp,2,22,224.0506329113924,7,1.5714285714285714,5.5,44.0,189.10333333333298,7
enhDOWN_interp,2,23,162.0253164556962,6,1.1666666666666667,8.4,49.0,173.1150559284115,6
enhDOWN_interp,2,24,250.63291139240505,2,2.5,4.0,9.0,128.76693512304254,2
enhDOWN_interp,2,25,126.58227848101265,4,1.25,27.333333333333332,87.0,148.48762863534674,4
enhDOWN_interp,2,26,135.44303797468353,10,2.9,3.7777777777777777,63.0,381.6009172259508,10
enhDOWN_interp,2,27,170.88607594936707,3,1.6666666666666667,11.5,28.0,156.00948545861291,3
enhDOWN_interp,2,28,215.18987341772151,4,1.5,20.333333333333332,67.0,177.1129306487696,4
enhDOWN_interp,2,29,250.63291139240505,13,1.7692307692307692,7.666666666666667,115.0,262.4457270693513,13
enhDOWN_interp,2,30,153.1645569620253,5,1.2,20.75,89.0,170.4158836689038,5
enhDOWN_interp,2,31,153.1645569620253,7,2.142857142857143,6.0,51.0,216.34167785234905,7
enhDOWN_interp,2,32,153.1645569620253,4,1.75,20.5,89.0,191.88984340044743,4
enhDOWN_interp,2,33,268.3544303797468,9,2.5555555555555554,8.25,89.0,321.9529082774046,9
enhDOWN_interp,2,34,100.0,0,,,,93.11601789709171,0
enhDOWN_interp,2,35,197.46835443037975,8,2.625,9.0,84.0,431.5172930648769,8
enhDOWN_interp,2,36,224.0506329113924,3,1.6666666666666667,14.5,34.0,173.61485458612967,3
enhDOWN_interp,2,37,188.60759493670884,5,1.2,15.75,69.0,148.8944295302013,5
enhDOWN_interp,2,38,188.60759493670884,11,2.090909090909091,4.4,67.0,316.8395302013423,11
enhDOWN_interp,2,39,135.44303797468353,14,1.9285714285714286,6.076923076923077,106.0,306.0068232662203,14
enhDOWN_interp,2,40,215.18987341772151,4,3.0,3.3333333333333335,22.0,237.38637583892623,4
enhDOWN_interp,2,41,224.0506329113924,8,1.625,9.571428571428571,80.0,191.7836465324384,8
enhDOWN_interp,2,42,188.60759493670884,8,2.125,9.142857142857142,81.0,245.31543624161006,8
enhDOWN_interp,2,43,224.0506329113924,5,2.2,15.25,72.0,213.97597315436218,5
enhDOWN_interp,2,44,144.30379746835442,7,2.4285714285714284,6.333333333333333,55.0,229.85899328859028,7
enhDOWN_interp,2,45,100.0,2,1.0,27.0,29.0,121.98331096196863,2
enhDOWN_interp,2,46,224.0506329113924,3,1.6666666666666667,15.5,36.0,155.4808501118568,3
enhDOWN_interp,2,47,356.96202531645565,3,4.666666666666667,6.5,27.0,287.28516778523493,3
enhDOWN_interp,2,48,356.96202531645565,3,4.666666666666667,6.5,27.0,275.6748545861297,3
enhDOWN_interp,2,49,135.44303797468353,5,2.0,8.5,44.0,198.18644295301982,5
enhDOWN_interp,2,50,197.46835443037975,8,2.375,10.0,89.0,302.1663758389262,8
enhDOWN_interp,2,51,224.0506329113924,5,1.4,12.5,57.0,162.39879194630876,5
enhDOWN_interp,2,52,108.86075949367088,10,2.2,7.666666666666667,91.0,237.262908277405,10
enhDOWN_interp,2,53,117.72151898734177,12,2.5,4.666666666666667,86.0,377.98093959731534,12
enhDOWN_interp,2,54,162.0253164556962,5,1.4,16.25,72.0,158.85776286353465,5
enhDOWN_interp,2,55,170.88607594936707,8,2.375,6.571428571428571,65.0,288.91384787472026,8
enhDOWN_interp,2,56,224.0506329113924,6,1.6666666666666667,7.2,46.0,168.38328859060402,6
enhDOWN_interp,2,57,224.0506329113924,5,2.0,13.25,63.0,213.3507382550336,5
enhDOWN_interp,2,58,100.0,7,3.142857142857143,5.5,55.0,263.31653243847853,7
enhDOWN_interp,2,59,108.86075949367088,5,2.0,14.5,68.0,200.77210290827742,5
enhDOWN_interp,2,60,144.30379746835442,7,1.8571428571428572,6.428571428571429,58.0,251.1219239373605,7
enhDOWN_interp,2,61,108.86075949367088,7,1.4285714285714286,9.142857142857142,74.0,158.383914988814,7
enhDOWN_interp,2,62,100.0,6,1.8333333333333333,11.0,66.0,181.33154362416104,6
enhDOWN_interp,2,63,108.86075949367088,7,1.8571428571428572,8.5,64.0,185.96035794183473,7
enhDOWN_interp,2,64,135.44303797468353,6,1.6666666666666667,9.2,56.0,209.31727069351254,6
enhDOWN_interp,2,65,162.0253164556962,6,2.3333333333333335,15.5,107.0,243.58606263982102,6
enhDOWN_interp,2,66,250.63291139240505,9,1.8888888888888888,4.875,56.0,268.14612975391503,9
enhDOWN_interp,2,67,224.0506329113924,7,2.0,9.714285714285714,82.0,274.7879194630874,7
enhDOWN_interp,2,68,135.44303797468353,8,2.0,15.285714285714286,123.0,225.50270693512337,8
enhDOWN_interp,2,69,100.0,4,2.25,29.666666666666668,98.0,154.93371364653228,4
enhDOWN_interp,2,70,312.65822784810126,2,1.0,52.0,106.0,153.94552572706948,2
enhDOWN_interp,2,71,188.60759493670884,7,2.2857142857142856,4.5,43.0,239.52362416107383,7
enhDOWN_interp,2,72,100.0,6,1.8333333333333333,11.0,66.0,184.85299776286348,6
enhDOWN_interp,2,73,108.86075949367088,4,3.0,26.333333333333332,91.0,195.4093064876966,4
enhDOWN_interp,2,74,170.88607594936707,3,1.0,28.5,60.0,172.9791722595078,3
enhDOWN_interp,2,75,197.46835443037975,15,1.7333333333333334,6.0,110.0,291.1316778523491,15
enhDOWN_interp,2,76,100.0,5,1.2,5.75,29.0,149.21299776286355,5
enhDOWN_interp,2,77,135.44303797468353,5,1.8,5.75,32.0,176.42633109619675,5
enhDOWN_interp,2,78,259.49367088607596,3,2.3333333333333335,11.0,29.0,209.14876957494414,3
enhDOWN_interp,2,79,100.0,6,4.0,3.4,41.0,200.59854586129754,6
enhDOWN_interp,2,80,100.0,3,2.3333333333333335,4.0,15.0,158.86572706935115,3
enhDOWN_interp,2,81,215.18987341772151,7,1.4285714285714286,21.333333333333332,138.0,225.12919463087218,7
enhDOWN_interp,2,82,135.44303797468353,5,1.2,19.0,82.0,183.57389261744936,5
enhDOWN_interp,2,83,294.9367088607595,9,2.2222222222222223,9.11111111111111,102.0,295.18557046979896,9
enhDOWN_interp,2,84,135.44303797468353,4,2.25,9.25,46.0,213.2181208053692,4
enhDOWN_interp,2,85,259.49367088607596,3,2.3333333333333335,11.0,29.0,213.13608501118577,3
enhDOWN_interp,2,86,224.0506329113924,7,2.142857142857143,4.833333333333333,44.0,231.12480984340039,7
enhDOWN_interp,2,87,108.86075949367088,4,1.0,24.0,76.0,190.2134451901566,4
enhDOWN_interp,2,88,188.60759493670884,7,3.857142857142857,3.6666666666666665,49.0,396.76760626398203,7
enhDOWN_interp,2,89,162.0253164556962,7,2.857142857142857,8.714285714285714,81.0,299.91096196868,7
enhDOWN_interp,2,90,153.1645569620253,2,2.0,2.0,6.0,158.367673378076,2
enhDOWN_interp,2,91,215.18987341772151,6,3.8333333333333335,4.0,43.0,381.63914988814304,6
enhDOWN_interp,2,92,224.0506329113924,10,2.4,4.4,68.0,360.3899328859058,10
enhDOWN_interp,2,93,321.5189873417721,6,1.3333333333333333,9.0,53.0,184.5675838926177,6
enhDOWN_interp,2,94,162.0253164556962,5,1.4,11.75,54.0,140.32923937360192,5
enhDOWN_interp,2,95,144.30379746835442,7,2.5714285714285716,14.0,102.0,233.06519015659967,7
enhDOWN_interp,2,96,215.18987341772151,8,2.125,5.571428571428571,56.0,265.95937360178993,8
enhDOWN_interp,2,97,321.5189873417721,1,2.0,,2.0,163.44791946308735,1
enhDOWN_interp,2,98,135.44303797468353,5,2.8,12.25,63.0,220.6399999999999,5
enhDOWN_interp,2,99,188.60759493670884,2,3.0,2.0,8.0,210.0607606263983,2
enhDOWN_interp,2,100,179.74683544303798,3,2.0,22.5,51.0,180.87295302013425,3
enhDOWN_interp,2,101,259.49367088607596,2,1.5,49.0,52.0,174.42194630872513,2
enhDOWN_interp,2,102,179.74683544303798,8,1.875,7.428571428571429,67.0,213.93982102908282,8
enhDOWN_interp,2,103,153.1645569620253,2,1.5,2.0,5.0,143.70800894854577,2
enhDOWN_interp,2,104,162.0253164556962,3,1.6666666666666667,22.0,49.0,136.41800894854586,3
enhDOWN_interp,2,105,179.74683544303798,7,1.4285714285714286,10.666666666666666,74.0,242.23340044742736,7
enhDOWN_interp,2,106,135.44303797468353,6,2.5,12.0,75.0,222.99525727069346,6
enhDOWN_interp,2,107,268.3544303797468,8,2.375,13.571428571428571,114.0,301.3636912751667,8
enhDOWN_interp,2,108,162.0253164556962,0,,,,125.50472035794184,0
enhDOWN_interp,2,109,755.6962025316456,3,1.3333333333333333,50.0,104.0,189.36780760626408,3
enhDOWN_interp,2,110,108.86075949367088,7,2.2857142857142856,4.166666666666667,41.0,209.556845637584,7
enhDOWN_interp,2,111,108.86075949367088,3,1.0,26.5,56.0,155.75489932885864,3
enhDOWN_interp,2,112,286.0759493670886,1,2.0,,2.0,140.23478747203558,1
enhDOWN_interp,2,113,215.18987341772151,5,1.8,12.5,59.0,178.80187919463086,5
enhDOWN_interp,2,114,224.0506329113924,6,1.5,6.0,45.0,222.1112751677853,6
enhDOWN_interp,2,115,108.86075949367088,14,3.2142857142857144,4.461538461538462,103.0,421.64429530201346,14
enhDOWN_interp,2,116,321.5189873417721,3,1.3333333333333333,13.5,31.0,181.63979865771825,3
enhDOWN_interp,2,117,197.46835443037975,8,2.125,10.0,87.0,261.65724832214755,8
enhDOWN_interp,2,118,445.56962025316454,4,1.5,25.666666666666668,83.0,143.945816554811,4
enhDOWN_interp,2,119,224.0506329113924,5,1.4,26.0,111.0,144.15478747203582,5
enhDOWN_interp,2,120,321.5189873417721,5,2.0,8.0,42.0,224.4932214765101,5
enhDOWN_interp,2,121,144.30379746835442,9,2.111111111111111,11.125,108.0,228.76089485458758,9
enhDOWN_interp,2,122,144.30379746835442,10,1.7,13.666666666666666,140.0,239.8251230425056,10
enhDOWN_interp,2,123,162.0253164556962,1,1.0,,1.0,133.38557046979895,1
enhDOWN_interp,2,124,224.0506329113924,6,2.1666666666666665,14.0,83.0,222.351812080537,6
enhDOWN_interp,2,125,206.32911392405063,1,1.0,16.0,17.0,156.5025950783003,1
enhDOWN_interp,2,126,188.60759493670884,4,1.0,24.25,101.0,160.00684563758387,4
enhDOWN_interp,2,127,144.30379746835442,8,2.0,14.428571428571429,117.0,244.61485458612975,8
enhDOWN_interp,2,128,179.74683544303798,14,2.642857142857143,5.076923076923077,103.0,395.831677852349,14
enhDOWN_interp,2,129,259.49367088607596,7,1.7142857142857142,6.5,51.0,184.74803131991075,7
enhDOWN_interp,2,130,108.86075949367088,1,3.0,,3.0,142.57859060402654,1
enhDOWN_interp,2,131,135.44303797468353,0,,,,136.5313870246082,0
enhDOWN_interp,2,132,224.0506329113924,8,2.625,7.714285714285714,75.0,340.5531543624161,8
enhDOWN_interp,2,133,215.18987341772151,10,2.2,2.888888888888889,48.0,258.4875167785231,10
enhDOWN_interp,2,134,197.46835443037975,11,2.5454545454545454,7.545454545454546,111.0,375.2825279642058,11
enhDOWN_interp,2,135,277.21518987341767,2,2.0,26.0,30.0,153.52131991051462,2
enhDOWN_interp,2,136,401.2658227848101,1,2.0,,2.0,135.96742729306487,1
enhDOWN_interp,2,137,100.0,0,,,,104.02908277404913,0
enhDOWN_interp,2,138,162.0253164556962,8,2.5,5.714285714285714,60.0,295.44988814317634,8
enhDOWN_interp,2,139,100.0,10,2.0,9.666666666666666,107.0,248.05393736017882,10
enhDOWN_interp,2,140,135.44303797468353,3,2.6666666666666665,12.0,32.0,182.51185682326633,3
enhDOWN_interp,2,141,117.72151898734177,2,1.5,23.0,26.0,159.150134228187,2
enhDOWN_interp,2,142,100.0,3,3.3333333333333335,25.0,60.0,149.63760626398215,3
enhDOWN_interp,2,143,188.60759493670884,10,2.3,8.0,95.0,324.88570469798657,10
enhDOWN_interp,2,144,277.21518987341767,1,2.0,4.0,6.0,146.49040268456366,1
enhDOWN_interp,2,145,170.88607594936707,4,1.5,14.666666666666666,50.0,192.77277404921696,4
enhDOWN_interp,2,146,224.0506329113924,11,2.3636363636363638,10.7,133.0,375.38487695749444,11
enhDOWN_interp,2,147,100.0,1,1.0,,1.0,128.87767337807625,1
enhDOWN_interp,2,148,135.44303797468353,4,2.0,19.333333333333332,66.0,175.72738255033556,4
enhDOWN_interp,2,149,100.0,11,1.9090909090909092,10.181818181818182,133.0,273.8709619686804,11
enhDOWN_raw,0,0,348.1012658227848,1,1.0,,1.0,188.18098159509202,1
enhDOWN_raw,0,1,330.37974683544303,5,1.4,14.75,66.0,198.85276073619633,5
enhDOWN_raw,0,2,401.2658227848101,9,2.3333333333333335,5.5,65.0,368.4355828220859,9
enhDOWN_raw,0,3,188.60759493670884,11,2.0,4.2,64.0,268.4171779141104,11
enhDOWN_raw,0,4,117.72151898734177,6,1.8333333333333333,15.2,87.0,226.57668711656441,6
enhDOWN_raw,0,5,348.1012658227848,10,1.9,10.222222222222221,111.0,272.1441717791411,10
enhDOWN_raw,0,6,684.8101265822785,4,1.75,19.0,83.0,219.41411042944785,4
enhDOWN_raw,0,7,418.98734177215186,15,2.466666666666667,4.0,97.0,603.2208588957055,15
enhDOWN_raw,0,8,224.0506329113924,5,2.2,5.5,33.0,240.74233128834356,5
enhDOWN_raw,0,9,268.3544303797468,7,1.7142857142857142,6.0,48.0,225.35889570552146,7
enhDOWN_raw,0,10,401.2658227848101,8,1.875,11.285714285714286,94.0,297.9631901840491,8
enhDOWN_raw,0,11,286.0759493670886,3,3.0,12.666666666666666,47.0,243.08895705521473,3
enhDOWN_raw,0,12,330.37974683544303,7,2.2857142857142856,11.333333333333334,84.0,288.0276073619632,7
enhDOWN_raw,0,13,259.49367088607596,15,1.8666666666666667,6.8,130.0,375.87116564417175,15
enhDOWN_raw,0,14,436.70886075949363,9,2.6666666666666665,7.222222222222222,89.0,406.6319018404908,9
enhDOWN_raw,0,15,170.88607594936707,8,1.75,13.0,105.0,207.2638036809816,8
enhDOWN_raw,0,16,321.5189873417721,15,2.3333333333333335,3.9285714285714284,90.0,478.32208588957053,15
enhDOWN_raw,0,17,224.0506329113924,5,2.4,28.25,125.0,232.16871165644173,5
enhDOWN_raw,0,18,197.46835443037975,4,2.5,16.5,76.0,247.59202453987731,4
enhDOWN_raw,0,19,277.21518987341767,12,2.5,6.0,96.0,437.05828220858893,12
enhDOWN_raw,0,20,197.46835443037975,4,2.75,6.25,36.0,227.64723926380367,4
enhDOWN_raw,0,21,481.0126582278481,12,2.25,6.363636363636363,97.0,416.70552147239266,12
enhDOWN_raw,0,22,197.46835443037975,16,2.625,5.8,129.0,633.4049079754601,16
enhDOWN_raw,0,23,294.9367088607595,10,2.1,10.0,111.0,318.81595092024537,10
enhDOWN_raw,0,24,516.4556962025316,6,1.6666666666666667,23.8,129.0,229.420245398773,6
enhDOWN_raw,0,25,436.70886075949363,8,2.625,8.0,77.0,382.76687116564415,8
enhDOWN_raw,0,26,197.46835443037975,5,2.2,15.0,71.0,220.57668711656441,5
enhDOWN_raw,0,27,153.1645569620253,7,1.7142857142857142,9.571428571428571,79.0,232.11042944785277,7
enhDOWN_raw,0,28,100.0,4,1.25,5.666666666666667,22.0,167.38957055214723,4
enhDOWN_raw,0,29,286.0759493670886,5,1.6,8.75,43.0,225.80674846625766,5
enhDOWN_raw,0,30,188.60759493670884,7,1.8571428571428572,9.333333333333334,69.0,246.16564417177915,7
enhDOWN_raw,0,31,135.44303797468353,9,1.7777777777777777,4.875,55.0,216.49386503067484,9
enhDOWN_raw,0,32,162.0253164556962,3,2.3333333333333335,14.0,35.0,177.72392638036808,3
enhDOWN_raw,0,33,321.5189873417721,3,1.3333333333333333,38.0,80.0,208.52147239263803,3
enhDOWN_raw,0,34,179.74683544303798,14,1.7142857142857142,9.0,141.0,299.30981595092027,14
enhDOWN_raw,0,35,339.24050632911394,7,2.4285714285714284,11.5,86.0,317.16564417177915,7
enhDOWN_raw,0,36,197.46835443037975,8,2.375,6.428571428571429,64.0,387.2177914110429,8
enhDOWN_raw,0,37,108.86075949367088,6,1.5,9.4,56.0,192.51226993865032,6
enhDOWN_raw,0,38,268.3544303797468,8,2.5,7.25,78.0,411.2147239263804,8
enhDOWN_raw,0,39,100.0,7,1.8571428571428572,7.833333333333333,60.0,197.93558282208588,7
enhDOWN_raw,0,40,215.18987341772151,11,1.5454545454545454,9.8,115.0,274.92638036809814,11
enhDOWN_raw,0,41,321.5189873417721,13,2.3076923076923075,4.166666666666667,80.0,419.9539877300613,13
enhDOWN_raw,0,42,427.8481012658228,8,2.125,11.125,106.0,336.62883435582825,8
enhDOWN_raw,0,43,356.96202531645565,11,2.1818181818181817,6.0,84.0,414.35276073619633,11
enhDOWN_raw,0,44,170.88607594936707,6,1.5,9.4,56.0,227.06134969325154,6
enhDOWN_raw,0,45,356.96202531645565,5,1.6,10.0,48.0,209.60122699386503,5
enhDOWN_raw,0,46,108.86075949367088,10,2.5,6.0,79.0,295.64723926380367,10
enhDOWN_raw,0,47,224.0506329113924,8,1.875,12.428571428571429,102.0,310.7484662576687,8
enhDOWN_raw,0,48,321.5189873417721,10,2.2,6.444444444444445,80.0,369.7269938650307,10
enhDOWN_raw,0,49,294.9367088607595,8,2.125,9.428571428571429,83.0,297.83742331288346,8
enhDOWN_raw,0,50,427.8481012658228,11,2.090909090909091,7.2,95.0,450.96932515337426,11
enhDOWN_raw,0,51,170.88607594936707,6,1.8333333333333333,8.2,52.0,190.1564417177914,6
enhDOWN_raw,0,52,294.9367088607595,8,1.625,5.375,56.0,247.38343558282207,8
enhDOWN_raw,0,53,100.0,14,2.5,5.384615384615385,105.0,416.88957055214723,14
enhDOWN_raw,0,54,170.88607594936707,8,2.5,5.571428571428571,59.0,358.3680981595092,8
enhDOWN_raw,0,55,294.9367088607595,2,1.5,1.0,4.0,195.84662576687117,2
enhDOWN_raw,0,56,356.96202531645565,4,2.5,18.0,64.0,238.89877300613497,4
enhDOWN_raw,0,57,472.15189873417717,14,2.357142857142857,5.538461538461538,105.0,535.8742331288344,14
enhDOWN_raw,0,58,117.72151898734177,2,1.5,14.0,17.0,165.25460122699386,2
enhDOWN_raw,0,59,294.9367088607595,5,2.6,8.0,45.0,236.37116564417178,5
enhDOWN_raw,0,60,170.88607594936707,3,3.0,6.5,22.0,222.33742331288343,3
enhDOWN_raw,0,61,197.46835443037975,6,2.5,15.5,108.0,295.8588957055215,6
enhDOWN_raw,0,62,551.8987341772151,13,1.9230769230769231,7.416666666666667,114.0,601.7484662576687,13
enhDOWN_raw,0,63,100.0,5,2.2,19.5,89.0,191.38343558282207,5
enhDOWN_raw,0,64,294.9367088607595,8,2.375,8.142857142857142,76.0,295.58895705521473,8
enhDOWN_raw,0,65,224.0506329113924,13,2.5384615384615383,5.5,99.0,430.5644171779141,13
enhDOWN_raw,0,66,321.5189873417721,11,1.7272727272727273,9.4,113.0,301.87423312883436,11
enhDOWN_raw,0,67,100.0,14,3.0714285714285716,7.3076923076923075,138.0,557.1748466257669,14
enhDOWN_raw,0,68,224.0506329113924,9,1.4444444444444444,5.0,58.0,227.45398773006136,9
enhDOWN_raw,0,69,162.0253164556962,18,2.5,4.352941176470588,119.0,734.7116564417178,18
enhDOWN_raw,0,70,339.24050632911394,5,2.4,3.4,29.0,275.4815950920245,5
enhDOWN_raw,0,71,498.73417721518985,11,2.090909090909091,5.9,82.0,438.62576687116564,11
enhDOWN_raw,0,72,170.88607594936707,6,2.3333333333333335,10.6,67.0,213.98466257668713,6
enhDOWN_raw,0,73,277.21518987341767,2,1.0,3.0,5.0,152.8680981595092,2
enhDOWN_raw,0,74,135.44303797468353,8,1.625,9.0,76.0,233.73926380368098,8
enhDOWN_raw,0,75,321.5189873417721,15,2.533333333333333,3.8666666666666667,96.0,622.0153374233129,15
enhDOWN_raw,0,76,224.0506329113924,10,2.3,14.777777777777779,156.0,320.9049079754601,10
enhDOWN_raw,0,77,294.9367088607595,10,2.4,6.8,92.0,412.3128834355828,10
enhDOWN_raw,0,78,436.70886075949363,7,2.2857142857142856,6.166666666666667,53.0,328.19018404907973,7
enhDOWN_raw,0,79,224.0506329113924,4,1.25,6.0,23.0,210.73926380368098,4
enhDOWN_raw,0,80,481.0126582278481,2,1.5,2.0,5.0,163.88036809815952,2
enhDOWN_raw,0,81,259.49367088607596,11,2.0,10.0,122.0,335.3496932515337,11
enhDOWN_raw,0,82,330.37974683544303,10,2.5,7.777777777777778,95.0,463.00306748466255,10
enhDOWN_raw,0,83,224.0506329113924,7,3.0,10.833333333333334,86.0,394.0,7
enhDOWN_raw,0,84,560.7594936708861,14,2.2857142857142856,4.642857142857143,97.0,639.8496932515337,14
enhDOWN_raw,0,85,356.96202531645565,6,2.5,19.0,110.0,353.07975460122697,6
enhDOWN_raw,0,86,224.0506329113924,9,2.4444444444444446,6.222222222222222,78.0,376.94171779141107,9
enhDOWN_raw,0,87,560.7594936708861,14,2.2857142857142856,4.642857142857143,97.0,638.7914110429448,14
enhDOWN_raw,0,88,224.0506329113924,9,2.5555555555555554,12.875,126.0,348.3312883435583,9
enhDOWN_raw,0,89,197.46835443037975,11,2.272727272727273,6.1,86.0,365.03067484662574,11
enhDOWN_raw,0,90,339.24050632911394,4,2.0,18.75,83.0,222.36196319018404,4
enhDOWN_raw,0,91,321.5189873417721,11,2.272727272727273,8.5,110.0,419.2085889570552,11
enhDOWN_raw,0,92,135.44303797468353,6,2.3333333333333335,11.666666666666666,84.0,271.22085889570553,6
enhDOWN_raw,0,93,100.0,14,2.0,5.230769230769231,96.0,306.03374233128835,14
enhDOWN_raw,0,94,294.9367088607595,8,1.625,13.0,104.0,282.8957055214724,8
enhDOWN_raw,0,95,321.5189873417721,10,2.4,13.555555555555555,146.0,297.0460122699387,10
enhDOWN_raw,0,96,224.0506329113924,11,1.8181818181818181,6.4,84.0,386.2484662576687,11
enhDOWN_raw,0,97,259.49367088607596,13,1.6923076923076923,7.75,115.0,291.94785276073617,13
enhDOWN_raw,0,98,224.0506329113924,11,1.8181818181818181,5.7,77.0,348.7852760736196,11
enhDOWN_raw,0,99,135.44303797468353,6,4.166666666666667,12.0,97.0,385.0092024539877,6
enhDOWN_raw,0,100,286.0759493670886,8,1.875,5.428571428571429,53.0,284.83742331288346,8
enhDOWN_raw,0,101,250.63291139240505,10,2.1,13.666666666666666,144.0,345.86503067484665,10
enhDOWN_raw,0,102,356.96202531645565,8,2.125,8.285714285714286,75.0,333.00306748466255,8
enhDOWN_raw,0,103,498.73417721518985,10,2.0,8.333333333333334,95.0,404.47546012269936,10
enhDOWN_raw,0,104,197.46835443037975,11,1.9090909090909092,3.9,60.0,324.49693251533745,11
enhDOWN_raw,0,105,631.6455696202531,11,2.4545454545454546,6.5,92.0,517.7300613496933,11
enhDOWN_raw,0,106,224.0506329113924,9,3.111111111111111,9.75,106.0,429.5398773006135,9
enhDOWN_raw,0,107,224.0506329113924,9,1.7777777777777777,6.0,64.0,236.66564417177915,9
enhDOWN_raw,0,108,100.0,4,3.75,10.333333333333334,46.0,219.16564417177915,4
enhDOWN_raw,0,109,144.30379746835442,6,1.6666666666666667,6.8,44.0,214.98466257668713,6
enhDOWN_raw,0,110,356.96202531645565,14,2.0714285714285716,5.769230769230769,104.0,547.2423312883435,14
enhDOWN_raw,0,111,543.0379746835442,5,2.0,17.75,81.0,317.8006134969325,5
enhDOWN_raw,0,112,179.74683544303798,10,2.1,7.0,84.0,282.5122699386503,10
enhDOWN_raw,0,113,259.49367088607596,7,2.142857142857143,9.0,69.0,270.1993865030675,7
enhDOWN_raw,0,114,153.1645569620253,10,1.4,14.0,140.0,234.86196319018404,10
enhDOWN_raw,0,115,410.126582278481,6,2.0,12.833333333333334,89.0,279.66564417177915,6
enhDOWN_raw,0,116,259.49367088607596,17,2.3529411764705883,4.625,114.0,445.36503067484665,17
enhDOWN_raw,0,117,100.0,7,1.7142857142857142,6.166666666666667,49.0,203.96625766871165,7
enhDOWN_raw,0,118,286.0759493670886,8,1.625,12.285714285714286,99.0,285.4325153374233,8
enhDOWN_raw,0,119,401.2658227848101,6,1.6666666666666667,13.166666666666666,89.0,241.25153374233128,6
enhDOWN_raw,0,120,224.0506329113924,6,3.0,7.6,56.0,327.30674846625766,6
enhDOWN_raw,0,121,179.74683544303798,14,2.142857142857143,6.846153846153846,119.0,334.17791411042947,14
enhDOWN_raw,0,122,348.1012658227848,9,1.7777777777777777,9.25,90.0,296.16564417177915,9
enhDOWN_raw,0,123,321.5189873417721,2,1.5,7.0,10.0,193.99386503067484,2
enhDOWN_raw,0,124,410.126582278481,13,2.3076923076923075,5.416666666666667,95.0,486.60736196319016,13
enhDOWN_raw,0,125,188.60759493670884,13,2.076923076923077,5.25,90.0,335.4907975460123,13
enhDOWN_raw,0,126,339.24050632911394,11,2.090909090909091,11.6,139.0,432.71165644171776,11
enhDOWN_raw,0,127,356.96202531645565,9,2.0,8.375,85.0,288.4355828220859,9
enhDOWN_raw,0,128,250.63291139240505,16,2.5,3.7333333333333334,96.0,544.6533742331288,16
enhDOWN_raw,0,129,401.2658227848101,4,2.25,7.666666666666667,32.0,236.920245398773,4
enhDOWN_raw,0,130,153.1645569620253,7,3.4285714285714284,5.0,54.0,327.0184049079755,7
enhDOWN_raw,0,131,259.49367088607596,11,2.272727272727273,5.3,78.0,364.88957055214723,11
enhDOWN_raw,0,132,188.60759493670884,4,3.0,22.666666666666668,80.0,231.96625766871165,4
enhDOWN_raw,0,133,250.63291139240505,10,1.9,6.111111111111111,74.0,234.09202453987731,10
enhDOWN_raw,0,134,153.1645569620253,0,,,,163.7638036809816,0
enhDOWN_raw,0,135,321.5189873417721,7,1.8571428571428572,12.0,85.0,266.34355828220856,7
enhDOWN_raw,0,136,179.74683544303798,5,2.4,8.75,47.0,222.27300613496934,5
enhDOWN_raw,0,137,224.0506329113924,9,2.7777777777777777,8.25,91.0,338.4141104294479,9
enhDOWN_raw,0,138,410.126582278481,12,1.8333333333333333,9.636363636363637,128.0,423.5950920245399,12
enhDOWN_raw,0,139,401.2658227848101,9,1.8888888888888888,9.625,94.0,334.1687116564417,9
enhDOWN_raw,0,140,215.18987341772151,7,1.8571428571428572,12.428571428571429,100.0,221.35582822085888,7
enhDOWN_raw,0,141,179.74683544303798,11,1.9090909090909092,6.6,87.0,296.90184049079755,11
enhDOWN_raw,0,142,224.0506329113924,9,1.4444444444444444,6.375,64.0,280.62576687116564,9
enhDOWN_raw,0,143,108.86075949367088,11,1.7272727272727273,3.8,57.0,226.9754601226994,11
enhDOWN_raw,0,144,356.96202531645565,17,2.176470588235294,4.125,103.0,538.217791411043,17
enhDOWN_raw,0,145,268.3544303797468,5,2.6,15.0,73.0,238.84969325153375,5
enhDOWN_raw,0,146,286.0759493670886,6,2.1666666666666665,9.5,70.0,279.69325153374234,6
enhDOWN_raw,0,147,197.46835443037975,9,2.4444444444444446,4.125,55.0,317.62576687116564,9
enhDOWN_raw,0,148,197.46835443037975,10,2.4,6.0,78.0,315.23312883435585,10
enhDOWN_raw,0,149,188.60759493670884,8,2.125,10.428571428571429,90.0,289.96932515337426,8
enhDOWN_raw,0,150,277.21518987341767,4,1.75,9.666666666666666,36.0,204.84969325153375,4
enhDOWN_raw,0,151,401.2658227848101,16,1.75,4.8125,105.0,435.26073619631904,16
enhDOWN_raw,0,152,188.60759493670884,3,2.6666666666666665,24.333333333333332,81.0,218.63496932515338,3
enhDOWN_raw,0,153,330.37974683544303,6,1.6666666666666667,5.5,43.0,244.3159509202454,6
enhDOWN_raw,0,154,108.86075949367088,3,1.6666666666666667,3.5,12.0,179.7638036809816,3
enhDOWN_raw,0,155,188.60759493670884,8,2.0,13.428571428571429,110.0,236.96319018404907,8
enhDOWN_raw,0,156,224.0506329113924,7,1.8571428571428572,10.666666666666666,77.0,209.38343558282207,7
enhDOWN_raw,0,157,268.3544303797468,13,2.4615384615384617,6.333333333333333,108.0,383.58895705521473,13
enhDOWN_raw,0,158,108.86075949367088,10,1.9,6.111111111111111,74.0,261.32515337423314,10
enhDOWN_raw,0,159,454.4303797468354,7,1.5714285714285714,12.166666666666666,84.0,239.02147239263803,7
enhDOWN_raw,0,160,108.86075949367088,4,1.0,15.333333333333334,50.0,166.30674846625766,4
enhDOWN_raw,0,161,108.86075949367088,4,1.5,35.0,111.0,188.2361963190184,4
enhDOWN_raw,0,162,197.46835443037975,12,2.1666666666666665,5.454545454545454,86.0,353.5184049079755,12
enhDOWN_raw,1,0,294.9367088607595,3,1.3333333333333333,6.0,16.0,201.39147286821705,3
enhDOWN_raw,1,1,286.0759493670886,8,1.5,9.428571428571429,78.0,249.7984496124031,8
enhDOWN_raw,1,2,339.24050632911394,4,2.5,33.0,109.0,258.1666666666667,4
enhDOWN_raw,1,3,321.5189873417721,8,1.375,13.714285714285714,107.0,293.4418604651163,8
enhDOWN_raw,1,4,117.72151898734177,1,1.0,,1.0,170.5,1
enhDOWN_raw,1,5,321.5189873417721,7,1.8571428571428572,10.833333333333334,78.0,253.7906976744186,7
enhDOWN_raw,1,6,224.0506329113924,3,1.6666666666666667,14.666666666666666,49.0,245.42248062015503,3
enhDOWN_raw,1,7,224.0506329113924,1,1.0,,1.0,160.41860465116278,1
enhDOWN_raw,1,8,489.87341772151893,2,1.5,107.0,110.0,146.06976744186048,2
enhDOWN_raw,1,9,286.0759493670886,1,1.0,,1.0,159.73643410852713,1
enhDOWN_raw,1,10,286.0759493670886,4,1.75,36.666666666666664,117.0,230.484496124031,4
enhDOWN_raw,1,11,100.0,4,2.75,10.666666666666666,43.0,215.484496124031,4
enhDOWN_raw,1,12,277.21518987341767,2,2.0,24.0,52.0,189.14728682170542,2
enhDOWN_raw,1,13,170.88607594936707,6,1.5,10.2,60.0,229.56589147286823,6
enhDOWN_raw,1,14,108.86075949367088,1,1.0,,1.0,175.31782945736435,1
enhDOWN_raw,1,15,330.37974683544303,6,1.5,18.4,101.0,266.1782945736434,6
enhDOWN_raw,1,16,489.87341772151893,2,1.5,107.0,110.0,145.19767441860466,2
enhDOWN_raw,1,17,330.37974683544303,5,1.8,2.75,20.0,229.2093023255814,5
enhDOWN_raw,1,18,197.46835443037975,6,2.1666666666666665,18.0,121.0,326.73643410852713,6
enhDOWN_raw,1,19,418.98734177215186,7,2.0,9.166666666666666,69.0,344.30232558139534,7
enhDOWN_raw,1,20,383.54430379746833,4,1.25,18.333333333333332,60.0,173.98837209302326,4
enhDOWN_raw,1,21,259.49367088607596,6,1.3333333333333333,18.2,99.0,229.11627906976744,6
enhDOWN_raw,1,22,321.5189873417721,7,1.7142857142857142,10.5,75.0,260.3488372093023,7
enhDOWN_raw,1,23,418.98734177215186,6,2.0,11.4,69.0,339.8217054263566,6
enhDOWN_raw,1,24,800.0,4,1.25,25.333333333333332,81.0,227.99612403100775,4
enhDOWN_raw,1,25,179.74683544303798,1,3.0,,3.0,190.43410852713177,1
enhDOWN_raw,1,26,117.72151898734177,3,2.3333333333333335,30.333333333333332,98.0,192.55426356589146,3
enhDOWN_raw,1,27,144.30379746835442,8,1.875,14.428571428571429,116.0,254.24806201550388,8
enhDOWN_raw,1,28,436.70886075949363,4,3.0,8.666666666666666,38.0,378.0968992248062,4
enhDOWN_raw,1,29,224.0506329113924,4,3.0,16.666666666666668,62.0,288.6821705426357,4
enhDOWN_raw,1,30,374.6835443037974,3,1.0,32.5,68.0,186.8953488372093,3
enhDOWN_raw,1,31,268.3544303797468,7,1.8571428571428572,9.833333333333334,72.0,235.53488372093022,7
enhDOWN_raw,1,32,144.30379746835442,7,1.2857142857142858,8.333333333333334,59.0,185.65891472868216,7
enhDOWN_raw,1,33,250.63291139240505,1,2.0,,2.0,163.29457364341084,1
enhDOWN_raw,1,34,472.15189873417717,1,3.0,,3.0,173.06589147286823,1
enhDOWN_raw,1,35,401.2658227848101,7,1.8571428571428572,9.166666666666666,68.0,285.0503875968992,7
enhDOWN_raw,1,36,392.40506329113924,1,1.0,,1.0,148.1124031007752,1
enhDOWN_raw,1,37,489.87341772151893,13,1.8461538461538463,7.416666666666667,113.0,514.8100775193799,13
enhDOWN_raw,1,38,188.60759493670884,5,1.4,12.0,55.0,221.37596899224806,5
enhDOWN_raw,1,39,277.21518987341767,9,2.111111111111111,12.125,116.0,306.4108527131783,9
enhDOWN_raw,1,40,356.96202531645565,4,1.5,11.0,50.0,236.86046511627907,4
enhDOWN_raw,1,41,179.74683544303798,4,1.5,6.333333333333333,25.0,200.29457364341084,4
enhDOWN_raw,1,42,215.18987341772151,3,1.6666666666666667,11.0,27.0,205.96124031007753,3
enhDOWN_raw,1,43,170.88607594936707,3,1.6666666666666667,23.5,52.0,175.10852713178295,3
enhDOWN_raw,1,44,277.21518987341767,3,1.3333333333333333,3.0,10.0,163.93798449612405,3
enhDOWN_raw,1,45,356.96202531645565,4,1.5,11.0,50.0,238.1124031007752,4
enhDOWN_raw,1,46,294.9367088607595,7,1.5714285714285714,9.333333333333334,67.0,292.6511627906977,7
enhDOWN_raw,1,47,188.60759493670884,0,,,,165.06201550387595,0
enhDOWN_raw,1,48,569.620253164557,10,1.5,6.777777777777778,76.0,334.84496124031006,10
enhDOWN_raw,1,49,100.0,2,1.0,60.0,62.0,161.84496124031008,2
enhDOWN_raw,1,50,162.0253164556962,4,1.75,15.333333333333334,53.0,215.7170542635659,4
enhDOWN_raw,1,51,170.88607594936707,2,1.5,7.0,10.0,169.65503875968992,2
enhDOWN_raw,1,52,348.1012658227848,6,1.1666666666666667,7.6,45.0,207.7906976744186,6
enhDOWN_raw,1,53,454.4303797468354,3,1.6666666666666667,25.5,56.0,187.65116279069767,3
enhDOWN_raw,1,54,268.3544303797468,11,1.7272727272727273,9.5,114.0,345.0503875968992,11
enhDOWN_raw,1,55,126.58227848101265,1,1.0,,1.0,144.015503875969,1
enhDOWN_raw,1,56,321.5189873417721,9,1.6666666666666667,7.0,71.0,281.36046511627904,9
enhDOWN_raw,1,57,436.70886075949363,4,2.25,9.25,46.0,292.8178294573643,4
enhDOWN_raw,1,58,153.1645569620253,4,2.5,9.0,37.0,206.7248062015504,4
enhDOWN_raw,1,59,348.1012658227848,5,2.0,12.5,60.0,229.0077519379845,5
enhDOWN_raw,1,60,224.0506329113924,3,2.3333333333333335,10.5,28.0,222.18992248062017,3
enhDOWN_raw,1,61,162.0253164556962,4,1.75,15.333333333333334,53.0,216.3875968992248,4
enhDOWN_raw,1,62,135.44303797468353,6,2.1666666666666665,10.0,63.0,239.19767441860466,6
enhDOWN_raw,1,63,277.21518987341767,5,1.6,5.75,31.0,185.23643410852713,5
enhDOWN_raw,1,64,516.4556962025316,5,1.8,12.25,58.0,274.984496124031,5
enhDOWN_raw,1,65,153.1645569620253,7,2.0,6.666666666666667,54.0,270.1589147286822,7
enhDOWN_raw,1,66,224.0506329113924,2,2.5,46.0,51.0,197.48062015503876,2
enhDOWN_raw,1,67,117.72151898734177,3,2.6666666666666665,8.666666666666666,34.0,217.7015503875969,3
enhDOWN_raw,1,68,498.73417721518985,10,2.0,9.9,119.0,429.4496124031008,10
enhDOWN_raw,1,69,135.44303797468353,3,2.0,26.0,58.0,157.77906976744185,3
enhDOWN_raw,1,70,153.1645569620253,2,2.0,96.0,100.0,207.34883720930233,2
enhDOWN_raw,1,71,224.0506329113924,4,1.5,36.0,114.0,207.7325581395349,4
enhDOWN_raw,1,72,197.46835443037975,12,2.5,6.7272727272727275,104.0,462.0581395348837,12
enhDOWN_raw,1,73,188.60759493670884,4,2.25,15.666666666666666,56.0,215.1705426356589,4
enhDOWN_raw,1,74,108.86075949367088,7,1.7142857142857142,5.142857142857143,48.0,246.36434108527132,7
enhDOWN_raw,1,75,144.30379746835442,3,1.6666666666666667,7.5,20.0,184.73643410852713,3
enhDOWN_raw,1,76,250.63291139240505,4,2.0,13.75,63.0,236.02713178294573,4
enhDOWN_raw,1,77,294.9367088607595,4,1.75,22.333333333333332,74.0,226.6782945736434,4
enhDOWN_raw,1,78,294.9367088607595,6,1.6666666666666667,4.333333333333333,36.0,249.06589147286823,6
enhDOWN_raw,1,79,188.60759493670884,1,1.0,,1.0,155.6705426356589,1
enhDOWN_raw,1,80,100.0,2,2.0,48.0,52.0,149.45736434108528,2
enhDOWN_raw,1,81,356.96202531645565,6,1.6666666666666667,13.4,77.0,269.468992248062,6
enhDOWN_raw,1,82,436.70886075949363,4,1.25,23.0,74.0,198.8875968992248,4
enhDOWN_raw,1,83,250.63291139240505,4,1.25,21.0,68.0,207.62790697674419,4
enhDOWN_raw,1,84,259.49367088607596,9,2.3333333333333335,6.0,75.0,424.64728682170545,9
enhDOWN_raw,1,85,108.86075949367088,1,3.0,,3.0,148.41860465116278,1
enhDOWN_raw,1,86,224.0506329113924,13,1.8461538461538463,7.0,108.0,369.3759689922481,13
enhDOWN_raw,1,87,356.96202531645565,3,1.6666666666666667,8.0,21.0,210.21317829457365,3
enhDOWN_raw,1,88,153.1645569620253,6,2.0,20.2,113.0,213.1046511627907,6
enhDOWN_raw,1,89,117.72151898734177,2,1.0,55.0,57.0,159.2674418604651,2
enhDOWN_raw,1,90,427.8481012658228,3,2.3333333333333335,17.5,42.0,218.38372093023256,3
enhDOWN_raw,1,91,153.1645569620253,2,1.0,2.0,4.0,152.015503875969,2
enhDOWN_raw,1,92,277.21518987341767,7,1.2857142857142858,14.833333333333334,98.0,259.1240310077519,7
enhDOWN_raw,1,93,401.2658227848101,3,2.0,14.0,34.0,206.83333333333334,3
enhDOWN_raw,1,94,401.2658227848101,4,2.0,5.666666666666667,25.0,225.2170542635659,4
enhDOWN_raw,1,95,472.15189873417717,5,1.6,6.75,35.0,210.6860465116279,5
enhDOWN_raw,1,96,188.60759493670884,3,2.0,20.5,47.0,173.47674418604652,3
enhDOWN_raw,1,97,250.63291139240505,7,1.4285714285714286,8.0,66.0,235.52713178294573,7
enhDOWN_raw,1,98,250.63291139240505,6,1.8333333333333333,13.2,77.0,267.0736434108527,6
enhDOWN_raw,1,99,188.60759493670884,5,1.8,19.25,86.0,198.3139534883721,5
enhDOWN_raw,1,100,321.5189873417721,9,1.6666666666666667,7.5,75.0,270.1007751937984,9
enhDOWN_raw,1,101,348.1012658227848,9,2.111111111111111,10.375,102.0,432.6356589147287,9
enhDOWN_raw,1,102,472.15189873417717,8,1.875,13.142857142857142,107.0,345.9263565891473,8
enhDOWN_raw,1,103,348.1012658227848,2,2.0,7.0,11.0,189.32558139534885,2
enhDOWN_raw,1,104,321.5189873417721,5,2.4,21.25,97.0,261.015503875969,5
enhDOWN_raw,1,105,330.37974683544303,4,1.5,14.333333333333334,49.0,195.015503875969,4
enhDOWN_raw,1,106,250.63291139240505,4,1.75,8.0,31.0,220.0968992248062,4
enhDOWN_raw,1,107,144.30379746835442,2,1.5,26.0,29.0,151.84496124031008,2
enhDOWN_raw,1,108,321.5189873417721,8,1.5,9.142857142857142,76.0,288.48062015503876,8
enhDOWN_raw,1,109,170.88607594936707,7,1.8571428571428572,5.166666666666667,44.0,281.92248062015506,7
enhDOWN_raw,1,110,259.49367088607596,3,2.6666666666666665,13.0,34.0,224.66666666666666,3
enhDOWN_raw,1,111,170.88607594936707,4,2.0,14.0,50.0,229.8139534883721,4
enhDOWN_raw,1,112,224.0506329113924,2,2.0,10.0,14.0,183.9108527131783,2
enhDOWN_raw,1,113,197.46835443037975,12,1.9166666666666667,6.818181818181818,98.0,332.18992248062017,12
enhDOWN_raw,1,114,436.70886075949363,8,2.375,12.428571428571429,106.0,362.4573643410853,8
enhDOWN_raw,1,115,144.30379746835442,2,2.5,27.0,32.0,158.7829457364341,2
enhDOWN_raw,1,116,188.60759493670884,2,1.5,14.0,17.0,154.10852713178295,2
enhDOWN_raw,1,117,135.44303797468353,3,2.3333333333333335,26.5,60.0,168.0503875968992,3
enhDOWN_raw,1,118,348.1012658227848,4,2.0,9.0,35.0,215.7170542635659,4
enhDOWN_raw,1,119,153.1645569620253,2,2.0,32.0,36.0,175.43798449612405,2
enhDOWN_raw,1,120,268.3544303797468,4,1.25,13.0,44.0,182.22093023255815,4
enhDOWN_raw,1,121,348.1012658227848,2,1.0,67.0,69.0,158.43023255813952,2
enhDOWN_raw,1,122,197.46835443037975,5,1.4,5.8,36.0,190.80232558139534,5
enhDOWN_raw,1,123,135.44303797468353,9,2.4444444444444446,6.375,73.0,317.9341085271318,9
enhDOWN_raw,1,124,436.70886075949363,1,2.0,,2.0,220.30232558139534,1
enhDOWN_raw,1,125,197.46835443037975,1,2.0,,2.0,141.45348837209303,1
enhDOWN_raw,1,126,241.77215189873417,0,,,,136.2093023255814,0
enhDOWN_raw,1,127,215.18987341772151,5,2.2,26.75,118.0,223.51162790697674,5
enhDOWN_raw,1,128,286.0759493670886,5,1.8,19.25,86.0,221.18217054263565,5
enhDOWN_raw,2,0,100.0,5,1.8,3.75,24.0,205.05,5
enhDOWN_raw,2,1,516.4556962025316,6,1.8333333333333333,6.2,42.0,322.365,6
enhDOWN_raw,2,2,472.15189873417717,7,2.4285714285714284,3.5714285714285716,42.0,447.84,7
enhDOWN_raw,2,3,365.82278481012656,5,3.8,4.0,35.0,422.03,5
enhDOWN_raw,2,4,170.88607594936707,4,2.0,4.0,20.0,194.68,4
enhDOWN_raw,2,5,100.0,0,,,,121.845,0
enhDOWN_raw,2,6,135.44303797468353,0,,,,158.275,0
enhDOWN_raw,2,7,117.72151898734177,5,2.4,2.75,23.0,225.695,5
enhDOWN_raw,2,8,188.60759493670884,5,2.2,14.25,68.0,265.78,5
enhDOWN_raw,2,9,215.18987341772151,2,2.0,3.0,7.0,176.275,2
enhDOWN_raw,2,10,108.86075949367088,6,2.6666666666666665,6.166666666666667,53.0,282.16,6
enhDOWN_raw,2,11,162.0253164556962,8,1.625,5.428571428571429,51.0,251.24,8
enhDOWN_raw,2,12,179.74683544303798,3,1.0,27.5,58.0,176.26,3
enhDOWN_raw,2,13,153.1645569620253,5,1.2,1.75,13.0,187.8,5
enhDOWN_raw,2,14,321.5189873417721,3,1.6666666666666667,23.0,51.0,203.66,3
enhDOWN_raw,2,15,100.0,4,3.5,11.5,60.0,268.815,4
enhDOWN_raw,2,16,286.0759493670886,9,1.3333333333333333,6.375,63.0,274.46,9
enhDOWN_raw,2,17,170.88607594936707,5,1.4,10.0,47.0,182.02,5
enhDOWN_raw,2,18,596.2025316455696,1,2.0,,2.0,163.28,1
enhDOWN_raw,2,19,250.63291139240505,4,2.0,5.333333333333333,24.0,222.59,4
enhDOWN_raw,2,20,277.21518987341767,4,2.25,7.0,30.0,245.04,4
enhDOWN_raw,2,21,100.0,3,1.0,2.5,8.0,164.295,3
enhDOWN_raw,2,22,250.63291139240505,5,1.2,6.5,32.0,224.25,5
enhDOWN_raw,2,23,162.0253164556962,3,1.3333333333333333,8.0,20.0,171.77,3
enhDOWN_raw,2,24,250.63291139240505,2,2.0,2.0,6.0,143.14,2
enhDOWN_raw,2,25,126.58227848101265,1,4.0,,4.0,183.265,1
enhDOWN_raw,2,26,162.0253164556962,9,2.111111111111111,2.875,42.0,379.005,9
enhDOWN_raw,2,27,170.88607594936707,2,2.0,15.0,19.0,167.7,2
enhDOWN_raw,2,28,224.0506329113924,3,1.3333333333333333,21.0,46.0,178.31,3
enhDOWN_raw,2,29,215.18987341772151,9,2.0,5.875,65.0,295.2,9
enhDOWN_raw,2,30,162.0253164556962,2,1.0,47.0,49.0,204.675,2
enhDOWN_raw,2,31,250.63291139240505,6,1.5,4.166666666666667,34.0,229.78,6
enhDOWN_raw,2,32,215.18987341772151,5,1.6,12.25,57.0,222.965,5
enhDOWN_raw,2,33,401.2658227848101,8,2.0,6.285714285714286,60.0,326.365,8
enhDOWN_raw,2,34,144.30379746835442,0,,,,104.42,0
enhDOWN_raw,2,35,356.96202531645565,5,2.6,10.25,54.0,444.535,5
enhDOWN_raw,2,36,224.0506329113924,2,1.0,21.0,23.0,176.775,2
enhDOWN_raw,2,37,108.86075949367088,1,1.0,,1.0,183.23,1
enhDOWN_raw,2,38,108.86075949367088,4,3.75,7.666666666666667,38.0,318.795,4
enhDOWN_raw,2,39,179.74683544303798,7,1.8571428571428572,7.428571428571429,65.0,308.36,7
enhDOWN_raw,2,40,481.0126582278481,3,2.0,2.5,11.0,268.495,3
enhDOWN_raw,2,41,250.63291139240505,5,1.2,8.0,38.0,196.845,5
enhDOWN_raw,2,42,294.9367088607595,5,1.6,11.5,54.0,253.355,5
enhDOWN_raw,2,43,286.0759493670886,3,2.0,21.0,48.0,218.59,3
enhDOWN_raw,2,44,170.88607594936707,3,2.0,15.0,36.0,246.7,3
enhDOWN_raw,2,45,153.1645569620253,0,,,,142.79,0
enhDOWN_raw,2,46,436.70886075949363,2,2.0,16.0,20.0,173.56,2
enhDOWN_raw,2,47,481.0126582278481,2,3.5,4.5,16.0,297.675,2
enhDOWN_raw,2,48,569.620253164557,2,2.5,4.5,14.0,284.385,2
enhDOWN_raw,2,49,286.0759493670886,4,1.25,3.6666666666666665,16.0,200.975,4
enhDOWN_raw,2,50,268.3544303797468,4,2.5,9.0,37.0,311.245,4
enhDOWN_raw,2,51,250.63291139240505,4,1.25,11.0,38.0,178.495,4
enhDOWN_raw,2,52,117.72151898734177,6,2.1666666666666665,8.166666666666666,62.0,251.715,6
enhDOWN_raw,2,53,162.0253164556962,9,1.8888888888888888,4.333333333333333,56.0,388.745,9
enhDOWN_raw,2,54,197.46835443037975,4,1.5,6.333333333333333,25.0,168.41,4
enhDOWN_raw,2,55,170.88607594936707,5,2.4,4.75,31.0,293.73,5
enhDOWN_raw,2,56,135.44303797468353,5,1.6,5.75,31.0,203.34,5
enhDOWN_raw,2,57,197.46835443037975,5,1.6,13.0,60.0,218.035,5
enhDOWN_raw,2,58,100.0,7,2.2857142857142856,5.0,46.0,269.8,7
enhDOWN_raw,2,59,144.30379746835442,2,3.0,8.0,14.0,203.305,2
enhDOWN_raw,2,60,250.63291139240505,3,2.0,7.333333333333333,28.0,257.91,3
enhDOWN_raw,2,61,108.86075949367088,3,1.0,6.5,16.0,173.02,3
enhDOWN_raw,2,62,135.44303797468353,2,2.0,18.0,22.0,180.915,2
enhDOWN_raw,2,63,126.58227848101265,4,1.75,11.666666666666666,42.0,200.15,4
enhDOWN_raw,2,64,250.63291139240505,3,1.6666666666666667,16.0,37.0,225.96,3
enhDOWN_raw,2,65,188.60759493670884,4,2.0,16.0,72.0,253.205,4
enhDOWN_raw,2,66,224.0506329113924,6,1.6666666666666667,5.0,35.0,283.51,6
enhDOWN_raw,2,67,259.49367088607596,5,1.8,8.2,50.0,319.62,5
enhDOWN_raw,2,68,224.0506329113924,5,2.0,5.0,30.0,245.88,5
enhDOWN_raw,2,69,108.86075949367088,3,2.0,28.0,62.0,159.15,3
enhDOWN_raw,2,70,286.0759493670886,0,,,,167.145,0
enhDOWN_raw,2,71,277.21518987341767,5,2.0,4.5,28.0,243.36,5
enhDOWN_raw,2,72,135.44303797468353,2,2.0,18.0,22.0,184.87,2
enhDOWN_raw,2,73,162.0253164556962,2,3.0,3.0,9.0,196.92,2
enhDOWN_raw,2,74,100.0,3,1.0,18.5,40.0,181.175,3
enhDOWN_raw,2,75,197.46835443037975,6,2.0,10.166666666666666,73.0,292.045,6
enhDOWN_raw,2,76,250.63291139240505,1,1.0,,1.0,149.855,1
enhDOWN_raw,2,77,117.72151898734177,4,1.5,12.666666666666666,44.0,177.725,4
enhDOWN_raw,2,78,339.24050632911394,4,1.75,4.333333333333333,20.0,223.905,4
enhDOWN_raw,2,79,100.0,6,2.1666666666666665,2.6,26.0,215.825,6
enhDOWN_raw,2,80,117.72151898734177,2,2.5,10.0,15.0,187.165,2
enhDOWN_raw,2,81,215.18987341772151,4,1.25,13.666666666666666,46.0,232.445,4
enhDOWN_raw,2,82,392.40506329113924,1,2.0,,2.0,206.33,1
enhDOWN_raw,2,83,197.46835443037975,6,2.3333333333333335,8.8,58.0,294.625,6
enhDOWN_raw,2,84,268.3544303797468,3,2.0,8.333333333333334,31.0,225.475,3
enhDOWN_raw,2,85,339.24050632911394,4,1.75,4.333333333333333,20.0,232.23,4
enhDOWN_raw,2,86,445.56962025316454,5,1.4,5.5,29.0,249.88,5
enhDOWN_raw,2,87,108.86075949367088,1,1.0,,1.0,199.915,1
enhDOWN_raw,2,88,418.98734177215186,6,2.8333333333333335,3.0,32.0,409.885,6
enhDOWN_raw,2,89,259.49367088607596,5,2.4,4.75,31.0,307.08,5
enhDOWN_raw,2,90,135.44303797468353,1,2.0,,2.0,158.505,1
enhDOWN_raw,2,91,410.126582278481,5,3.2,3.25,29.0,389.95,5
enhDOWN_raw,2,92,135.44303797468353,7,2.7142857142857144,3.7142857142857144,45.0,397.295,7
enhDOWN_raw,2,93,365.82278481012656,2,2.0,3.5,11.0,194.52,2
enhDOWN_raw,2,94,259.49367088607596,3,1.3333333333333333,3.5,11.0,160.05,3
enhDOWN_raw,2,95,250.63291139240505,6,1.5,11.0,64.0,259.485,6
enhDOWN_raw,2,96,312.65822784810126,7,1.7142857142857142,3.8333333333333335,35.0,278.975,7
enhDOWN_raw,2,97,436.70886075949363,1,1.0,,1.0,185.725,1
enhDOWN_raw,2,98,259.49367088607596,4,2.0,11.0,41.0,242.055,4
enhDOWN_raw,2,99,144.30379746835442,2,3.0,9.0,15.0,209.66,2
enhUP_interp,0,0,241.77215189873417,18,2.7777777777777777,3.7058823529411766,113.0,899.9534899328859,18
enhUP_interp,0,1,224.0506329113924,13,3.3076923076923075,4.076923076923077,96.0,1169.5202460850105,13
enhUP_interp,0,2,294.9367088607595,8,3.125,11.857142857142858,108.0,413.31883668903794,8
enhUP_interp,0,3,224.0506329113924,11,2.909090909090909,2.9,61.0,689.9206935123041,11
enhUP_interp,0,4,250.63291139240505,11,3.727272727272727,4.6,87.0,870.2365100671142,11
enhUP_interp,0,5,170.88607594936707,10,3.3,3.888888888888889,68.0,718.5693512304251,10
enhUP_interp,0,6,800.0,5,2.4,2.5,22.0,421.0588143176737,5
enhUP_interp,0,7,401.2658227848101,12,4.083333333333333,4.909090909090909,103.0,1156.8880313199109,12
enhUP_interp,0,8,401.2658227848101,10,2.6,4.0,62.0,418.15111856823285,10
enhUP_interp,0,9,401.2658227848101,16,2.4375,3.9375,102.0,702.8818344519013,16
enhUP_interp,0,10,356.96202531645565,14,2.7142857142857144,3.6923076923076925,86.0,765.7221700223715,14
enhUP_interp,0,11,472.15189873417717,17,2.411764705882353,3.5294117647058822,101.0,1014.954004474273,17
enhUP_interp,0,12,197.46835443037975,10,4.3,5.4,97.0,841.2272035794184,10
enhUP_interp,0,13,498.73417721518985,5,4.0,3.6,38.0,541.9851230425052,5
enhUP_interp,0,14,294.9367088607595,13,3.0,4.416666666666667,92.0,767.8190380313195,13
enhUP_interp,0,15,330.37974683544303,18,2.5555555555555554,3.388888888888889,107.0,1034.0956375838928,18
enhUP_interp,0,16,144.30379746835442,16,3.125,2.4375,89.0,1164.3990604026842,16
enhUP_interp,0,17,348.1012658227848,16,2.9375,3.7333333333333334,103.0,927.960313199105,16
enhUP_interp,0,18,250.63291139240505,5,2.6,6.2,44.0,298.2187472035796,5
enhUP_interp,0,19,206.32911392405063,14,3.2857142857142856,3.0,85.0,1105.5871812080536,14
enhUP_interp,0,20,348.1012658227848,16,3.1875,2.75,95.0,1546.8216331096203,16
enhUP_interp,0,21,100.0,13,3.769230769230769,4.416666666666667,102.0,681.2273601789713,13
enhUP_interp,0,22,197.46835443037975,16,3.0625,4.8125,126.0,1155.4928411633107,16
enhUP_interp,0,23,241.77215189873417,17,3.235294117647059,4.0625,120.0,1217.936040268456,17
enhUP_interp,0,24,507.5949367088607,7,2.857142857142857,6.571428571428571,66.0,453.0992617449662,7
enhUP_interp,0,25,543.0379746835442,1,2.0,,2.0,142.04006711409363,1
enhUP_interp,0,26,250.63291139240505,2,4.0,3.0,11.0,235.10997762863485,2
enhUP_interp,0,27,224.0506329113924,9,3.0,7.555555555555555,95.0,461.31304250559265,9
enhUP_interp,0,28,294.9367088607595,18,3.0555555555555554,3.8333333333333335,124.0,1531.406845637584,18
enhUP_interp,0,29,551.8987341772151,17,3.0,3.375,105.0,1235.6997986577173,17
enhUP_interp,0,30,197.46835443037975,7,3.2857142857142856,4.333333333333333,49.0,583.8447874720358,7
enhUP_interp,0,31,144.30379746835442,9,3.4444444444444446,3.25,57.0,560.8964876957493,9
enhUP_interp,0,32,339.24050632911394,3,2.0,5.5,17.0,134.6971364653242,3
enhUP_interp,0,33,294.9367088607595,12,2.0,5.636363636363637,86.0,421.0413199105148,12
enhUP_interp,0,34,294.9367088607595,10,4.3,4.777777777777778,86.0,1016.5501342281877,10
enhUP_interp,0,35,108.86075949367088,12,3.5833333333333335,7.636363636363637,127.0,451.1764653243826,12
enhUP_interp,0,36,179.74683544303798,7,4.285714285714286,3.1666666666666665,49.0,531.8278076062637,7
enhUP_interp,0,37,224.0506329113924,15,3.2666666666666666,4.428571428571429,111.0,868.9424832214769,15
enhUP_interp,0,38,126.58227848101265,9,3.3333333333333335,5.777777777777778,82.0,468.8651006711405,9
enhUP_interp,0,39,401.2658227848101,16,3.0,3.6,102.0,840.8582326621926,16
enhUP_interp,0,40,241.77215189873417,1,1.0,,1.0,118.40552572706937,1
enhUP_interp,0,41,232.91139240506328,18,3.2222222222222223,3.611111111111111,123.0,1315.0858612975385,18
enhUP_interp,0,42,162.0253164556962,14,3.142857142857143,4.142857142857143,102.0,990.8518120805368,14
enhUP_interp,0,43,516.4556962025316,18,2.7777777777777777,2.764705882352941,97.0,1635.9374272930652,18
enhUP_interp,0,44,622.7848101265822,16,2.75,3.2,92.0,1375.156353467561,16
enhUP_interp,0,45,356.96202531645565,20,2.15,2.526315789473684,91.0,1098.3435570469799,20
enhUP_interp,0,46,197.46835443037975,10,4.8,5.8,106.0,1148.884988814318,10
enhUP_interp,0,47,224.0506329113924,13,3.4615384615384617,3.3076923076923075,88.0,1078.0519910514536,13
enhUP_interp,0,48,100.0,0,,,,108.55136465324385,0
enhUP_interp,0,49,224.0506329113924,8,3.125,4.0,53.0,466.2842729306488,8
enhUP_interp,0,50,321.5189873417721,13,2.4615384615384617,4.0,84.0,535.6778299776281,13
enhUP_interp,0,51,286.0759493670886,9,3.0,3.5,55.0,566.6466666666666,9
enhUP_interp,0,52,268.3544303797468,18,3.0,3.4444444444444446,116.0,1201.0924608501118,18
enhUP_interp,0,53,525.3164556962025,5,2.8,11.6,72.0,377.86053691275134,5
enhUP_interp,0,54,188.60759493670884,8,3.75,3.142857142857143,52.0,537.3701565995526,8
enhUP_interp,0,55,268.3544303797468,15,2.933333333333333,4.857142857142857,112.0,701.8574496644296,15
enhUP_interp,0,56,277.21518987341767,2,4.0,3.0,14.0,265.8070246085009,2
enhUP_interp,0,57,215.18987341772151,15,3.1333333333333333,3.142857142857143,91.0,1363.919306487696,15
enhUP_interp,0,58,605.0632911392404,14,3.142857142857143,5.071428571428571,115.0,1250.2594854586127,14
enhUP_interp,0,59,472.15189873417717,7,4.428571428571429,4.142857142857143,60.0,941.8223042505593,7
enhUP_interp,0,60,224.0506329113924,13,2.230769230769231,3.5,71.0,428.04308724832214,13
enhUP_interp,0,61,277.21518987341767,16,3.375,3.3333333333333335,104.0,1144.2160850111857,16
enhUP_interp,0,62,277.21518987341767,15,3.2,4.933333333333334,122.0,980.2765995525727,15
enhUP_interp,0,63,348.1012658227848,14,2.642857142857143,4.461538461538462,95.0,929.0510961968679,14
enhUP_interp,0,64,294.9367088607595,20,2.6,4.1,134.0,1073.7333780760628,20
enhUP_interp,0,65,224.0506329113924,14,3.142857142857143,4.357142857142857,105.0,920.4647427293066,14
enhUP_interp,0,66,401.2658227848101,20,2.75,3.8947368421052633,129.0,1211.4467114093961,20
enhUP_interp,0,67,286.0759493670886,15,3.4,3.466666666666667,103.0,1278.9693064876963,15
enhUP_interp,0,68,472.15189873417717,17,2.6470588235294117,3.823529411764706,110.0,1360.6750782997765,17
enhUP_interp,0,69,356.96202531645565,16,2.9375,3.066666666666667,93.0,1217.9451006711413,16
enhUP_interp,0,70,410.126582278481,14,2.2857142857142856,6.714285714285714,126.0,661.9304026845639,14
enhUP_interp,0,71,179.74683544303798,10,3.3,3.3333333333333335,63.0,833.6548993288592,10
enhUP_interp,0,72,472.15189873417717,12,3.4166666666666665,3.5,83.0,1039.1877404921697,12
enhUP_interp,0,73,170.88607594936707,19,3.3684210526315788,3.3157894736842106,127.0,1362.7009843400447,19
enhUP_interp,0,74,330.37974683544303,11,3.0,7.0,110.0,818.375100671141,11
enhUP_interp,0,75,170.88607594936707,14,3.142857142857143,4.071428571428571,101.0,890.5759731543627,14
enhUP_interp,0,76,401.2658227848101,13,3.3076923076923075,3.75,88.0,1260.0712304250555,13
enhUP_interp,0,77,472.15189873417717,14,2.4285714285714284,7.5,139.0,680.964765100671,14
enhUP_interp,0,78,108.86075949367088,13,3.3846153846153846,3.8333333333333335,90.0,702.0800671140937,13
enhUP_interp,0,79,224.0506329113924,13,3.6923076923076925,4.75,105.0,763.186375838926,13
enhUP_interp,0,80,179.74683544303798,7,3.2857142857142856,3.6666666666666665,45.0,452.0053243847871,7
enhUP_interp,0,81,294.9367088607595,13,3.3076923076923075,4.3076923076923075,99.0,921.9975838926176,13
enhUP_interp,0,82,224.0506329113924,16,3.25,2.7333333333333334,93.0,1156.8176957494397,16
enhUP_interp,0,83,427.8481012658228,11,2.6363636363636362,2.8181818181818183,60.0,979.3484116331103,11
enhUP_interp,0,84,294.9367088607595,9,3.0,3.375,54.0,613.6682326621923,9
enhUP_interp,0,85,268.3544303797468,10,3.5,4.222222222222222,73.0,888.0396196868003,10
enhUP_interp,0,86,108.86075949367088,16,3.25,2.875,98.0,1078.1242058165542,16
enhUP_interp,0,87,321.5189873417721,6,4.166666666666667,6.8,59.0,542.8481208053691,6
enhUP_interp,0,88,348.1012658227848,18,2.2777777777777777,4.117647058823529,111.0,659.5141610738256,18
enhUP_interp,0,89,268.3544303797468,9,3.3333333333333335,2.7777777777777777,55.0,745.6385234899332,9
enhUP_interp,0,90,277.21518987341767,16,3.0,3.0625,97.0,1579.8964653243845,16
enhUP_interp,0,91,108.86075949367088,8,5.0,3.25,66.0,867.2929530201342,8
enhUP_interp,0,92,286.0759493670886,15,3.466666666666667,3.4285714285714284,100.0,1207.5214988814316,15
enhUP_interp,0,93,321.5189873417721,4,2.5,6.0,28.0,292.07543624161076,4
enhUP_interp,0,94,489.87341772151893,4,1.75,10.333333333333334,38.0,193.7946085011186,4
enhUP_interp,0,95,197.46835443037975,14,3.5714285714285716,3.7857142857142856,103.0,974.4857718120802,14
enhUP_interp,0,96,294.9367088607595,9,4.444444444444445,5.0,80.0,872.7591946308726,9
enhUP_interp,0,97,153.1645569620253,16,3.125,3.8666666666666667,108.0,771.9384563758393,16
enhUP_interp,0,98,188.60759493670884,18,2.5,2.7058823529411766,91.0,614.2754138702462,18
enhUP_interp,0,99,100.0,11,4.2727272727272725,3.090909090909091,81.0,619.8745637583892,11
enhUP_interp,0,100,241.77215189873417,8,4.25,4.142857142857143,63.0,899.572997762863,8
enhUP_interp,0,101,224.0506329113924,18,3.0,4.888888888888889,142.0,1045.3904474272929,18
enhUP_interp,0,102,436.70886075949363,16,2.8125,2.7333333333333334,86.0,1273.7503579418342,16
enhUP_interp,0,103,224.0506329113924,6,2.3333333333333335,6.666666666666667,54.0,255.88644295301947,6
enhUP_interp,0,104,401.2658227848101,13,3.4615384615384617,4.5,99.0,974.7052125279638,13
enhUP_interp,0,105,330.37974683544303,11,2.909090909090909,5.3,85.0,567.9074720357937,11
enhUP_interp,0,106,339.24050632911394,13,3.6923076923076925,5.230769230769231,116.0,1444.0460178970914,13
enhUP_interp,0,107,277.21518987341767,7,4.428571428571429,8.333333333333334,81.0,574.3008277404921,7
enhUP_interp,0,108,286.0759493670886,17,3.1176470588235294,2.8823529411764706,102.0,1434.6911856823265,17
enhUP_interp,0,109,135.44303797468353,0,,,,145.60619686800914,0
enhUP_interp,0,110,596.2025316455696,19,2.6842105263157894,3.789473684210526,123.0,1807.0711633109624,19
enhUP_interp,0,111,259.49367088607596,8,3.125,15.0,130.0,500.67648769574936,8
enhUP_interp,0,112,224.0506329113924,15,3.7333333333333334,3.533333333333333,109.0,1418.1225503355706,15
enhUP_interp,0,113,224.0506329113924,12,3.6666666666666665,5.0,99.0,974.3225055928414,12
enhUP_interp,0,114,197.46835443037975,6,3.8333333333333335,5.0,48.0,433.34322147650937,6
enhUP_interp,0,115,613.9240506329113,18,2.7777777777777777,3.3529411764705883,107.0,1516.9148545861299,18
enhUP_interp,0,116,294.9367088607595,21,2.5238095238095237,3.05,114.0,1064.4083221476512,21
enhUP_interp,0,117,224.0506329113924,7,2.857142857142857,2.2857142857142856,36.0,424.51655480984334,7
enhUP_interp,0,118,224.0506329113924,14,3.2142857142857144,3.0714285714285716,88.0,1162.0512751677852,14
enhUP_interp,0,119,259.49367088607596,13,2.923076923076923,2.8333333333333335,72.0,575.705413870246,13
enhUP_interp,0,120,197.46835443037975,20,3.2,3.85,141.0,1357.2402684563758,20
enhUP_interp,0,121,702.5316455696202,19,2.5789473684210527,2.888888888888889,101.0,1405.8679642058166,19
enhUP_interp,0,122,135.44303797468353,15,3.2666666666666666,5.333333333333333,129.0,665.7852796420583,15
enhUP_interp,0,123,410.126582278481,19,2.526315789473684,2.888888888888889,100.0,870.0138478747201,19
enhUP_interp,0,124,436.70886075949363,16,3.0,2.933333333333333,92.0,1749.6915659955257,16
enhUP_interp,0,125,737.9746835443037,1,1.0,,1.0,152.09700223713622,1
enhUP_interp,0,126,170.88607594936707,17,3.2941176470588234,3.9375,119.0,1334.1317449664434,17
enhUP_interp,0,127,108.86075949367088,1,2.0,,2.0,115.95250559284123,1
enhUP_interp,0,128,259.49367088607596,9,2.7777777777777777,2.75,47.0,587.1028187919457,9
enhUP_interp,0,129,162.0253164556962,13,3.4615384615384617,2.3076923076923075,75.0,952.2599105145417,13
enhUP_interp,0,130,170.88607594936707,17,3.411764705882353,3.2941176470588234,114.0,1134.610917225951,17
enhUP_interp,0,131,436.70886075949363,5,3.0,4.4,37.0,392.42894854586143,5
enhUP_interp,0,132,224.0506329113924,6,2.6666666666666665,11.0,71.0,420.3085011185685,6
enhUP_interp,0,133,100.0,14,3.642857142857143,4.384615384615385,108.0,782.9766666666668,14
enhUP_interp,0,134,339.24050632911394,10,2.9,3.4444444444444446,60.0,578.3163087248325,10
enhUP_interp,0,135,250.63291139240505,13,3.4615384615384617,3.1538461538461537,86.0,1189.1977628635345,13
enhUP_interp,0,136,215.18987341772151,10,4.3,5.444444444444445,92.0,771.8117449664427,10
enhUP_interp,0,137,224.0506329113924,14,3.0,3.076923076923077,82.0,644.089642058166,14
enhUP_interp,0,138,321.5189873417721,16,3.125,4.25,118.0,1366.840693512304,16
enhUP_interp,0,139,312.65822784810126,20,3.15,3.25,128.0,1707.601230425056,20
enhUP_interp,0,140,153.1645569620253,12,3.25,4.090909090909091,84.0,599.4004697986579,12
enhUP_interp,0,141,303.79746835443035,12,3.1666666666666665,3.8181818181818183,80.0,755.13317673378,12
enhUP_interp,0,142,250.63291139240505,18,2.4444444444444446,2.6666666666666665,92.0,959.539910514541,18
enhUP_interp,0,143,427.8481012658228,16,2.1875,5.933333333333334,124.0,661.0198210290828,16
enhUP_interp,0,144,294.9367088607595,12,3.0,3.8333333333333335,82.0,782.132751677852,12
enhUP_interp,0,145,170.88607594936707,12,1.75,6.181818181818182,89.0,269.20885906040286,12
enhUP_interp,0,146,339.24050632911394,17,2.764705882352941,2.875,93.0,1197.6508053691273,17
enhUP_interp,0,147,144.30379746835442,18,2.8333333333333335,2.235294117647059,89.0,857.7524832214765,18
enhUP_interp,0,148,321.5189873417721,15,2.6666666666666665,3.857142857142857,94.0,693.377695749441,15
enhUP_interp,0,149,286.0759493670886,11,3.5454545454545454,4.909090909090909,93.0,1128.9471588366891,11
enhUP_interp,1,0,250.63291139240505,16,3.1875,3.875,113.0,731.3041387024607,16
enhUP_interp,1,1,294.9367088607595,12,2.5,7.0,107.0,438.1380984340045,12
enhUP_interp,1,2,100.0,14,2.7857142857142856,2.5384615384615383,72.0,402.1930425055926,14
enhUP_interp,1,3,250.63291139240505,9,2.7777777777777777,3.0,52.0,449.22606263982095,9
enhUP_interp,1,4,197.46835443037975,16,3.125,3.6875,109.0,852.087941834452,16
enhUP_interp,1,5,100.0,22,2.9545454545454546,3.7142857142857144,143.0,712.0201789709172,22
enhUP_interp,1,6,321.5189873417721,9,3.0,6.555555555555555,86.0,508.68617449664436,9
enhUP_interp,1,7,224.0506329113924,19,2.3684210526315788,3.4210526315789473,110.0,527.8473154362415,19
enhUP_interp,1,8,250.63291139240505,6,2.8333333333333335,4.666666666666667,45.0,430.75326621923926,6
enhUP_interp,1,9,277.21518987341767,9,3.2222222222222223,3.111111111111111,57.0,487.67038031319896,9
enhUP_interp,1,10,162.0253164556962,12,3.75,3.8181818181818183,87.0,668.8479865771812,12
enhUP_interp,1,11,197.46835443037975,14,2.9285714285714284,5.5,118.0,619.8895302013424,14
enhUP_interp,1,12,224.0506329113924,14,2.7857142857142856,6.076923076923077,118.0,563.9030201342281,14
enhUP_interp,1,13,108.86075949367088,18,1.9444444444444444,4.529411764705882,112.0,361.11369127516815,18
enhUP_interp,1,14,188.60759493670884,17,2.6470588235294117,3.7058823529411766,108.0,524.5881431767339,17
enhUP_interp,1,15,224.0506329113924,8,2.25,10.75,104.0,278.2639149888143,8
enhUP_interp,1,16,100.0,13,3.0,3.5833333333333335,82.0,368.9897762863533,13
enhUP_interp,1,17,108.86075949367088,8,2.875,2.5714285714285716,41.0,255.62203579418374,8
enhUP_interp,1,18,250.63291139240505,4,2.25,2.75,20.0,195.6044519015659,4
enhUP_interp,1,19,250.63291139240505,13,2.0,4.769230769230769,88.0,336.6047427293066,13
enhUP_interp,1,20,188.60759493670884,11,2.3636363636363638,3.272727272727273,62.0,318.49351230425054,11
enhUP_interp,1,21,188.60759493670884,11,2.3636363636363638,3.272727272727273,62.0,321.49355704697984,11
enhUP_interp,1,22,224.0506329113924,9,2.3333333333333335,4.888888888888889,65.0,307.92261744966413,9
enhUP_interp,1,23,250.63291139240505,9,3.111111111111111,11.125,117.0,438.34031319910457,9
enhUP_interp,1,24,162.0253164556962,9,1.4444444444444444,8.875,84.0,251.2653467561515,9
enhUP_interp,1,25,170.88607594936707,16,3.0,2.6,87.0,882.038098434005,16
enhUP_interp,1,26,153.1645569620253,11,2.5454545454545454,10.363636363636363,142.0,314.0480984340044,11
enhUP_interp,1,27,162.0253164556962,13,2.1538461538461537,5.923076923076923,105.0,336.3885234899328,13
enhUP_interp,1,28,108.86075949367088,8,2.625,14.857142857142858,125.0,299.86780760626453,8
enhUP_interp,1,29,294.9367088607595,20,2.5,4.157894736842105,129.0,690.0077404921698,20
enhUP_interp,1,30,144.30379746835442,15,3.066666666666667,3.5714285714285716,96.0,638.36355704698,15
enhUP_interp,1,31,162.0253164556962,12,2.8333333333333335,5.333333333333333,98.0,529.8506040268456,12
enhUP_interp,1,32,277.21518987341767,7,2.857142857142857,6.5,59.0,325.1005592841166,7
enhUP_interp,1,33,516.4556962025316,21,2.4285714285714284,2.7142857142857144,108.0,1409.3323713646535,21
enhUP_interp,1,34,348.1012658227848,21,2.7142857142857144,4.142857142857143,144.0,1037.7367785234903,21
enhUP_interp,1,35,241.77215189873417,12,3.3333333333333335,4.181818181818182,86.0,731.5335123042504,12
enhUP_interp,1,36,241.77215189873417,12,3.3333333333333335,4.181818181818182,86.0,724.3160178970916,12
enhUP_interp,1,37,356.96202531645565,15,2.8,7.142857142857143,142.0,989.6586129753914,15
enhUP_interp,1,38,188.60759493670884,11,3.6363636363636362,5.818181818181818,104.0,642.9631543624164,11
enhUP_interp,1,39,427.8481012658228,13,3.076923076923077,3.4615384615384617,85.0,1126.880044742729,13
enhUP_interp,1,40,188.60759493670884,3,4.0,2.6666666666666665,20.0,229.86246085011186,3
enhUP_interp,1,41,294.9367088607595,20,2.9,3.85,135.0,1326.124563758389,20
enhUP_interp,1,42,197.46835443037975,11,3.727272727272727,3.8181818181818183,83.0,961.2094183445188,11
enhUP_interp,1,43,268.3544303797468,18,2.8333333333333335,3.9411764705882355,118.0,852.6520134228191,18
enhUP_interp,1,44,135.44303797468353,17,3.8823529411764706,3.9411764705882355,133.0,1350.3557494407155,17
enhUP_interp,1,45,117.72151898734177,19,2.526315789473684,3.3157894736842106,111.0,547.1882774049218,19
enhUP_interp,1,46,162.0253164556962,17,2.823529411764706,4.9375,127.0,568.0313199105143,17
enhUP_interp,1,47,162.0253164556962,13,2.8461538461538463,3.25,76.0,473.7872035794184,13
enhUP_interp,1,48,339.24050632911394,18,3.2222222222222223,3.5294117647058822,118.0,1284.8460178970918,18
enhUP_interp,1,49,321.5189873417721,17,3.4705882352941178,3.6470588235294117,121.0,1170.6179418344518,17
enhUP_interp,1,50,197.46835443037975,21,3.238095238095238,3.15,131.0,1311.822639821029,21
enhUP_interp,1,51,206.32911392405063,18,3.2222222222222223,2.611111111111111,105.0,1179.963020134228,18
enhUP_interp,1,52,170.88607594936707,15,2.466666666666667,6.857142857142857,133.0,509.5584787472036,15
enhUP_interp,1,53,188.60759493670884,9,4.111111111111111,4.111111111111111,74.0,1020.3037360178972,9
enhUP_interp,1,54,170.88607594936707,14,3.857142857142857,3.142857142857143,98.0,1186.6045413870247,14
enhUP_interp,1,55,401.2658227848101,14,3.2142857142857144,3.7142857142857144,97.0,1006.5473378076063,14
enhUP_interp,1,56,622.7848101265822,21,2.5238095238095237,3.2857142857142856,122.0,1683.8751901565995,21
enhUP_interp,1,57,321.5189873417721,16,2.875,3.533333333333333,99.0,997.5499328859061,16
enhUP_interp,1,58,410.126582278481,14,2.642857142857143,2.642857142857143,74.0,1095.8997091722595,14
enhUP_interp,1,59,162.0253164556962,11,2.5454545454545454,3.5,63.0,370.85190156599555,11
enhUP_interp,1,60,170.88607594936707,10,3.5,2.6666666666666665,59.0,792.2069798657722,10
enhUP_interp,1,61,100.0,14,4.357142857142857,5.461538461538462,132.0,1094.014071588367,14
enhUP_interp,1,62,250.63291139240505,22,2.6363636363636362,3.5,135.0,871.9506263982101,22
enhUP_interp,1,63,117.72151898734177,1,1.0,65.0,66.0,119.67069351230413,1
enhUP_interp,1,64,427.8481012658228,20,2.65,4.0,129.0,1111.2182326621926,20
enhUP_interp,1,65,277.21518987341767,22,2.727272727272727,3.857142857142857,141.0,1232.9657941834455,22
enhUP_interp,1,66,268.3544303797468,21,3.0,3.6,135.0,1213.5565100671142,21
enhUP_interp,1,67,153.1645569620253,15,2.933333333333333,3.5714285714285716,94.0,745.1287248322144,15
enhUP_interp,1,68,144.30379746835442,13,3.230769230769231,4.461538461538462,100.0,689.6481431767338,13
enhUP_interp,1,69,108.86075949367088,19,3.473684210526316,3.0,123.0,1257.466666666667,19
enhUP_interp,1,70,321.5189873417721,16,3.0,5.4375,135.0,858.2136465324387,16
enhUP_interp,1,71,241.77215189873417,21,3.1904761904761907,3.7142857142857144,145.0,1356.0193736017895,21
enhUP_interp,1,72,294.9367088607595,15,2.8,4.428571428571429,104.0,728.1557270693513,15
enhUP_interp,1,73,330.37974683544303,8,2.75,4.5,58.0,450.4196196868008,8
enhUP_interp,1,74,321.5189873417721,16,2.9375,3.3125,100.0,928.9444519015661,16
enhUP_interp,1,75,100.0,14,4.857142857142857,4.0,124.0,1045.6416554809846,14
enhUP_interp,1,76,135.44303797468353,16,3.375,3.5,110.0,877.1295525727072,16
enhUP_interp,1,77,162.0253164556962,17,3.176470588235294,4.294117647058823,127.0,730.0113199105144,17
enhUP_interp,1,78,153.1645569620253,17,3.176470588235294,3.1176470588235294,107.0,919.5962863534677,17
enhUP_interp,1,79,197.46835443037975,10,4.5,5.333333333333333,93.0,1059.6323266219238,10
enhUP_interp,1,80,144.30379746835442,18,2.5555555555555554,3.176470588235294,100.0,847.5040044742731,18
enhUP_interp,1,81,356.96202531645565,20,2.75,4.1,137.0,1575.9963982102904,20
enhUP_interp,1,82,250.63291139240505,12,2.8333333333333335,4.333333333333333,86.0,767.2125503355703,12
enhUP_interp,1,83,162.0253164556962,11,3.3636363636363638,6.909090909090909,113.0,620.4226845637587,11
enhUP_interp,1,84,215.18987341772151,20,2.55,2.473684210526316,98.0,1169.7948993288594,20
enhUP_interp,1,85,268.3544303797468,14,3.5,3.3076923076923075,92.0,945.8785682326619,14
enhUP_interp,1,86,294.9367088607595,15,2.2,3.642857142857143,84.0,458.9506263982103,15
enhUP_interp,1,87,294.9367088607595,23,2.9565217391304346,3.1818181818181817,138.0,1207.9386577181208,23
enhUP_interp,1,88,188.60759493670884,18,3.6666666666666665,3.588235294117647,127.0,1264.662841163311,18
enhUP_interp,1,89,259.49367088607596,6,3.1666666666666665,2.4,31.0,368.1459507829977,6
enhUP_interp,1,90,179.74683544303798,14,3.5714285714285716,3.8461538461538463,100.0,1062.4393064876956,14
enhUP_interp,1,91,472.15189873417717,18,2.8333333333333335,3.5,114.0,1281.9702237136466,18
enhUP_interp,1,92,179.74683544303798,14,3.357142857142857,4.3076923076923075,103.0,617.1728859060408,14
enhUP_interp,1,93,294.9367088607595,13,3.230769230769231,3.3076923076923075,85.0,803.8203803131992,13
enhUP_interp,1,94,294.9367088607595,21,2.7142857142857144,3.380952380952381,128.0,1371.110984340045,21
enhUP_interp,1,95,224.0506329113924,20,3.0,4.315789473684211,142.0,1141.907673378076,20
enhUP_interp,1,96,188.60759493670884,14,3.142857142857143,3.3076923076923075,87.0,704.4718791946306,14
enhUP_interp,1,97,436.70886075949363,12,2.3333333333333335,4.75,85.0,516.321856823266,12
enhUP_interp,1,98,516.4556962025316,17,2.7058823529411766,5.0,131.0,1163.3265548098434,17
enhUP_interp,1,99,286.0759493670886,13,2.923076923076923,2.4615384615384617,70.0,1025.171879194631,13
enhUP_interp,1,100,135.44303797468353,19,3.0,3.0555555555555554,112.0,845.3203579418343,19
enhUP_interp,1,101,294.9367088607595,6,3.1666666666666665,5.333333333333333,51.0,490.3157941834453,6
enhUP_interp,1,102,126.58227848101265,12,3.4166666666666665,3.25,80.0,552.190268456376,12
enhUP_interp,1,103,144.30379746835442,14,3.9285714285714284,3.2142857142857144,100.0,1059.6674720357942,14
enhUP_interp,1,104,259.49367088607596,19,3.0526315789473686,4.222222222222222,134.0,1143.8738478747202,19
enhUP_interp,1,105,268.3544303797468,5,2.8,3.4,31.0,391.4570246085012,5
enhUP_interp,1,106,224.0506329113924,20,2.65,3.95,132.0,677.4190380313199,20
enhUP_interp,1,107,401.2658227848101,14,2.9285714285714284,3.357142857142857,88.0,1224.3540044742729,14
enhUP_interp,1,108,224.0506329113924,22,2.9545454545454546,3.1363636363636362,134.0,984.3954138702461,22
enhUP_interp,1,109,294.9367088607595,14,3.357142857142857,3.1538461538461537,88.0,1088.4912975391499,14
enhUP_interp,1,110,286.0759493670886,19,3.263157894736842,3.3157894736842106,125.0,1610.1831319910516,19
enhUP_interp,1,111,250.63291139240505,17,2.7058823529411766,2.8823529411764706,95.0,861.1568232662194,17
enhUP_interp,1,112,170.88607594936707,19,2.8947368421052633,3.388888888888889,116.0,726.6315212527965,19
enhUP_interp,1,113,250.63291139240505,14,2.7142857142857144,7.642857142857143,145.0,619.2082550335574,14
enhUP_interp,1,114,197.46835443037975,14,3.4285714285714284,5.0,118.0,937.8329530201343,14
enhUP_interp,1,115,108.86075949367088,9,3.111111111111111,8.333333333333334,103.0,342.3646532438477,9
enhUP_interp,1,116,294.9367088607595,14,3.357142857142857,4.571428571428571,111.0,1141.1578076062638,14
enhUP_interp,1,117,250.63291139240505,14,2.357142857142857,4.785714285714286,100.0,515.437024608501,14
enhUP_interp,1,118,294.9367088607595,19,3.210526315789474,2.9473684210526314,117.0,1386.2224832214763,19
enhUP_interp,1,119,472.15189873417717,10,2.8,7.555555555555555,96.0,596.988434004474,10
enhUP_interp,1,120,356.96202531645565,17,2.6470588235294117,3.176470588235294,99.0,1058.9443176733785,17
enhUP_interp,1,121,100.0,9,3.3333333333333335,5.111111111111111,76.0,418.5051230425054,9
enhUP_interp,1,122,250.63291139240505,7,3.5714285714285716,6.285714285714286,69.0,473.1427516778526,7
enhUP_interp,1,123,126.58227848101265,16,3.0,3.066666666666667,94.0,667.1145190156599,16
enhUP_interp,1,124,188.60759493670884,14,2.642857142857143,2.923076923076923,75.0,517.8548322147652,14
enhUP_interp,1,125,170.88607594936707,20,2.95,3.0526315789473686,117.0,1201.0552572706938,20
enhUP_interp,1,126,170.88607594936707,17,2.7058823529411766,5.117647058823529,133.0,757.8996196868006,17
enhUP_interp,1,127,259.49367088607596,20,2.5,3.526315789473684,117.0,914.1281879194631,20
enhUP_interp,1,128,224.0506329113924,23,2.608695652173913,3.590909090909091,139.0,1034.2962192393732,23
enhUP_interp,1,129,197.46835443037975,18,3.2222222222222223,3.111111111111111,114.0,1350.8177628635347,18
enhUP_interp,1,130,383.54430379746833,2,3.5,15.5,38.0,250.76400447427295,2
enhUP_interp,1,131,170.88607594936707,12,3.4166666666666665,3.1818181818181817,76.0,545.4292617449665,12
enhUP_interp,1,132,100.0,2,6.0,6.0,18.0,178.99666666666658,2
enhUP_interp,1,133,294.9367088607595,12,2.8333333333333335,6.0,106.0,581.7784563758391,12
enhUP_interp,1,134,117.72151898734177,13,3.1538461538461537,3.4615384615384617,86.0,631.3492393736018,13
enhUP_interp,1,135,100.0,18,3.2777777777777777,5.235294117647059,148.0,865.3711633109617,18
enhUP_interp,1,136,250.63291139240505,11,3.0,5.090909090909091,89.0,511.3044966442954,11
enhUP_interp,1,137,179.74683544303798,15,3.2,5.4,129.0,1049.9802237136464,15
enhUP_interp,1,138,356.96202531645565,8,2.375,7.25,77.0,388.88684563758386,8
enhUP_interp,1,139,179.74683544303798,15,3.1333333333333333,3.9285714285714284,102.0,1046.0070469798657,15
enhUP_interp,1,140,108.86075949367088,20,3.25,4.1,147.0,993.0409619686801,20
enhUP_interp,1,141,224.0506329113924,19,2.8421052631578947,3.3684210526315788,118.0,1116.5797091722598,19
enhUP_interp,1,142,197.46835443037975,15,2.2666666666666666,4.214285714285714,93.0,419.759239373602,15
enhUP_interp,1,143,277.21518987341767,14,2.7857142857142856,3.230769230769231,81.0,858.4825055928413,14
enhUP_interp,1,144,250.63291139240505,15,2.7333333333333334,6.857142857142857,137.0,601.6699776286353,15
enhUP_interp,1,145,135.44303797468353,14,3.5,5.923076923076923,126.0,575.6465324384789,14
enhUP_interp,1,146,259.49367088607596,2,3.0,3.5,13.0,252.60250559284114,2
enhUP_interp,1,147,277.21518987341767,15,2.466666666666667,6.857142857142857,133.0,610.2855257270693,15
enhUP_interp,1,148,294.9367088607595,20,3.35,3.75,142.0,1257.0624608501116,20
enhUP_interp,1,149,170.88607594936707,17,2.7058823529411766,2.823529411764706,94.0,978.5942058165551,17
enhUP_interp,2,0,383.54430379746833,10,3.2,2.6666666666666665,56.0,953.114205816555,10
enhUP_interp,2,1,401.2658227848101,20,3.2,3.1578947368421053,124.0,2083.5324161073822,20
enhUP_interp,2,2,365.82278481012656,21,2.857142857142857,2.4,108.0,1773.4366890380322,21
enhUP_interp,2,3,436.70886075949363,18,2.6666666666666665,2.5,93.0,1634.0427964205817,18
enhUP_interp,2,4,498.73417721518985,21,2.4761904761904763,3.857142857142857,133.0,1748.195682326622,21
enhUP_interp,2,5,356.96202531645565,11,2.909090909090909,3.909090909090909,75.0,838.1082774049219,11
enhUP_interp,2,6,356.96202531645565,16,2.8125,3.466666666666667,97.0,1001.4346756152125,16
enhUP_interp,2,7,117.72151898734177,20,2.7,2.8421052631578947,108.0,912.7448769574946,20
enhUP_interp,2,8,578.4810126582279,5,2.4,6.8,46.0,432.2663758389263,5
enhUP_interp,2,9,569.620253164557,18,2.9444444444444446,3.3333333333333335,113.0,2056.452505592841,18
enhUP_interp,2,10,436.70886075949363,19,3.1052631578947367,3.263157894736842,121.0,2171.596129753915,19
enhUP_interp,2,11,259.49367088607596,13,3.3846153846153846,4.384615384615385,101.0,1384.899306487696,13
enhUP_interp,2,12,232.91139240506328,13,2.923076923076923,2.3846153846153846,69.0,1454.8460850111849,13
enhUP_interp,2,13,268.3544303797468,20,2.85,2.736842105263158,109.0,1563.845257270694,20
enhUP_interp,2,14,374.6835443037974,11,3.4545454545454546,7.7272727272727275,123.0,1251.7107829977629,11
enhUP_interp,2,15,286.0759493670886,15,3.8666666666666667,3.5,107.0,1766.6606935123036,15
enhUP_interp,2,16,534.1772151898733,15,2.933333333333333,3.1333333333333333,91.0,1708.3873825503347,15
enhUP_interp,2,17,543.0379746835442,10,2.4,3.1,55.0,760.8269798657722,10
enhUP_interp,2,18,392.40506329113924,15,3.533333333333333,5.133333333333334,130.0,1780.2583445190157,15
enhUP_interp,2,19,224.0506329113924,15,3.3333333333333335,3.7142857142857144,102.0,847.4130425055926,15
enhUP_interp,2,20,418.98734177215186,14,2.7857142857142856,3.5714285714285716,89.0,1185.8670693512304,14
enhUP_interp,2,21,224.0506329113924,5,3.8,5.0,44.0,482.74747203579426,5
enhUP_interp,2,22,507.5949367088607,16,3.3125,3.25,105.0,2177.1915659955253,16
enhUP_interp,2,23,259.49367088607596,14,2.5714285714285716,2.9285714285714284,77.0,802.2792170022371,14
enhUP_interp,2,24,339.24050632911394,17,2.823529411764706,3.6875,107.0,1586.18451901566,17
enhUP_interp,2,25,215.18987341772151,13,2.6153846153846154,2.5384615384615383,67.0,749.4010961968683,13
enhUP_interp,2,26,348.1012658227848,18,2.6666666666666665,5.117647058823529,135.0,1717.3470022371364,18
enhUP_interp,2,27,224.0506329113924,18,2.611111111111111,3.2941176470588234,103.0,1112.8741834451898,18
enhUP_interp,2,28,188.60759493670884,23,3.1739130434782608,2.409090909090909,126.0,2814.2386800894856,23
enhUP_interp,2,29,206.32911392405063,8,4.375,3.75,65.0,775.5467561521261,8
enhUP_interp,2,30,312.65822784810126,10,3.3,3.3,66.0,852.4653691275167,10
enhUP_interp,2,31,179.74683544303798,16,3.0625,4.5,121.0,1005.7316107382552,16
enhUP_interp,2,32,551.8987341772151,22,2.409090909090909,2.6818181818181817,112.0,1820.130313199105,22
enhUP_interp,2,33,356.96202531645565,15,1.9333333333333333,5.333333333333333,109.0,803.9110067114091,15
enhUP_interp,2,34,365.82278481012656,20,2.9,2.65,111.0,2207.183042505593,20
enhUP_interp,2,35,330.37974683544303,17,2.823529411764706,3.6875,107.0,1554.0651454138708,17
enhUP_interp,2,36,250.63291139240505,23,2.869565217391304,2.260869565217391,118.0,1991.069172259508,23
enhUP_interp,2,37,232.91139240506328,12,3.8333333333333335,4.2727272727272725,93.0,1056.7998657718126,12
enhUP_interp,2,38,188.60759493670884,17,3.764705882352941,3.5625,121.0,1579.0535794183445,17
enhUP_interp,2,39,436.70886075949363,12,3.4166666666666665,3.272727272727273,77.0,1432.812080536913,12
enhUP_interp,2,40,286.0759493670886,12,3.9166666666666665,3.8333333333333335,93.0,1558.8379194630872,12
enhUP_interp,2,41,436.70886075949363,17,2.5294117647058822,3.6875,102.0,976.9163534675612,17
enhUP_interp,2,42,348.1012658227848,16,2.9375,2.933333333333333,91.0,1080.5564876957494,16
enhUP_interp,2,43,773.4177215189873,17,2.9411764705882355,3.375,104.0,1993.1650782997758,17
enhUP_interp,2,44,259.49367088607596,10,3.2,3.1,63.0,673.7762192393737,10
enhUP_interp,2,45,418.98734177215186,5,4.2,3.25,34.0,653.3196644295302,5
enhUP_interp,2,46,259.49367088607596,19,3.263157894736842,2.789473684210526,115.0,2050.693982102908,19
enhUP_interp,2,47,321.5189873417721,2,1.5,1.0,4.0,149.8880760626411,2
enhUP_interp,2,48,436.70886075949363,19,2.6842105263157894,3.5,114.0,1836.3316331096203,19
enhUP_interp,2,49,224.0506329113924,20,3.25,3.0,122.0,2254.5729753914998,20
enhUP_interp,2,50,330.37974683544303,23,2.652173913043478,3.0869565217391304,132.0,2237.215838926174,23
enhUP_interp,2,51,401.2658227848101,19,2.6842105263157894,2.6315789473684212,101.0,1495.3667114093967,19
enhUP_interp,2,52,410.126582278481,22,2.772727272727273,2.4285714285714284,112.0,2354.572662192393,22
enhUP_interp,2,53,348.1012658227848,17,2.588235294117647,2.4375,83.0,1508.7432438478745,17
enhUP_interp,2,54,348.1012658227848,18,2.888888888888889,3.8333333333333335,121.0,1522.0136689038036,18
enhUP_interp,2,55,232.91139240506328,13,3.8461538461538463,3.4615384615384617,95.0,1748.4078747203582,13
enhUP_interp,2,56,543.0379746835442,19,3.3684210526315788,3.7222222222222223,131.0,2331.4810067114095,19
enhUP_interp,2,57,339.24050632911394,17,2.9411764705882355,2.588235294117647,94.0,1486.664630872483,17
enhUP_interp,2,58,321.5189873417721,7,4.428571428571429,3.857142857142857,58.0,1157.9623266219241,7
enhUP_interp,2,59,560.7594936708861,17,2.764705882352941,2.7058823529411766,93.0,1742.5813422818792,17
enhUP_interp,2,60,587.3417721518987,19,3.263157894736842,3.111111111111111,118.0,2632.604854586131,19
enhUP_interp,2,61,135.44303797468353,0,,,,108.00966442953005,0
enhUP_interp,2,62,472.15189873417717,15,3.2666666666666666,3.357142857142857,96.0,1725.8710067114093,15
enhUP_interp,2,63,259.49367088607596,11,3.6363636363636362,5.818181818181818,104.0,1149.151543624161,11
enhUP_interp,2,64,268.3544303797468,16,3.25,2.5625,93.0,2282.929798657717,16
enhUP_interp,2,65,356.96202531645565,14,3.5,5.384615384615385,119.0,1240.8827964205816,14
enhUP_interp,2,66,286.0759493670886,10,3.0,4.1,71.0,926.5816778523492,10
enhUP_interp,2,67,339.24050632911394,9,3.888888888888889,5.333333333333333,83.0,1051.856644295302,9
enhUP_interp,2,68,436.70886075949363,16,3.4375,3.1875,106.0,2572.671565995526,16
enhUP_interp,2,69,241.77215189873417,16,2.875,2.6666666666666665,86.0,1074.863355704698,16
enhUP_interp,2,70,188.60759493670884,15,4.4,3.5,115.0,1317.966823266219,15
enhUP_interp,2,71,224.0506329113924,12,3.1666666666666665,6.7272727272727275,112.0,800.4738478747204,12
enhUP_interp,2,72,259.49367088607596,22,3.3636363636363638,3.272727272727273,146.0,1980.935033557047,22
enhUP_interp,2,73,241.77215189873417,18,3.0555555555555554,2.888888888888889,107.0,1834.024272930649,18
enhUP_interp,2,74,800.0,21,2.619047619047619,3.15,118.0,2310.408299776287,21
enhUP_interp,2,75,224.0506329113924,16,3.5625,3.4375,112.0,1886.876756152125,16
enhUP_interp,2,76,445.56962025316454,16,3.75,4.5625,133.0,1821.8697986577179,16
enhUP_interp,2,77,144.30379746835442,13,3.6923076923076925,2.923076923076923,86.0,1079.195749440716,13
enhUP_interp,2,78,348.1012658227848,17,2.8823529411764706,2.588235294117647,93.0,2120.388232662192,17
enhUP_interp,2,79,498.73417721518985,10,3.3,3.9,72.0,1093.7385682326617,10
enhUP_interp,2,80,534.1772151898733,16,2.5625,4.2,104.0,1140.212147651007,16
enhUP_interp,2,81,294.9367088607595,13,3.0,2.75,72.0,876.6733333333337,13
enhUP_interp,2,82,294.9367088607595,12,3.5,2.9166666666666665,77.0,1420.077673378077,12
enhUP_interp,2,83,489.87341772151893,15,3.3333333333333335,3.4285714285714284,98.0,2198.204272930649,15
enhUP_interp,2,84,472.15189873417717,21,2.5238095238095237,3.619047619047619,129.0,2234.7850111856815,21
enhUP_interp,2,85,534.1772151898733,18,2.7777777777777777,3.2777777777777777,109.0,1594.0886129753912,18
enhUP_interp,2,86,472.15189873417717,17,3.0588235294117645,5.117647058823529,139.0,2007.6513422818791,17
enhUP_interp,2,87,658.2278481012657,18,3.111111111111111,3.1176470588235294,109.0,2183.621252796421,18
enhUP_interp,2,88,321.5189873417721,18,3.388888888888889,3.0555555555555554,116.0,2042.8840715883664,18
enhUP_interp,2,89,418.98734177215186,16,3.5,4.75,132.0,1761.7453020134226,16
enhUP_interp,2,90,410.126582278481,22,2.772727272727273,3.1904761904761907,128.0,1956.5081879194636,22
enhUP_interp,2,91,215.18987341772151,18,2.888888888888889,2.6470588235294117,97.0,1197.4414541387018,18
enhUP_interp,2,92,702.5316455696202,8,3.125,3.25,51.0,899.5475391498882,8
enhUP_interp,2,93,534.1772151898733,18,2.7777777777777777,3.2777777777777777,109.0,1594.2052796420578,18
enhUP_interp,2,94,401.2658227848101,20,2.55,2.7,105.0,1207.3643400447427,20
enhUP_interp,2,95,162.0253164556962,22,3.1363636363636362,2.6363636363636362,127.0,2491.706957494407,22
enhUP_interp,2,96,675.9493670886076,12,3.0,3.0833333333333335,73.0,1641.0420357941832,12
enhUP_interp,2,97,454.4303797468354,24,2.5833333333333335,2.347826086956522,116.0,2420.9932885906037,24
enhUP_interp,2,98,578.4810126582279,18,2.5,2.8333333333333335,96.0,1790.4377628635343,18
enhUP_interp,2,99,498.73417721518985,15,2.3333333333333335,2.357142857142857,68.0,1376.9488366890375,15
enhUP_interp,2,100,224.0506329113924,8,2.75,2.7142857142857144,41.0,390.8270022371366,8
enhUP_interp,2,101,303.79746835443035,8,3.75,2.875,53.0,967.7830872483225,8
enhUP_interp,2,102,454.4303797468354,17,3.235294117647059,4.0,123.0,2547.101163310962,17
enhUP_interp,2,103,188.60759493670884,18,2.9444444444444446,3.9411764705882355,120.0,1123.2561968680086,18
enhUP_interp,2,104,250.63291139240505,19,3.3684210526315788,3.263157894736842,126.0,2407.0918791946315,19
enhUP_interp,2,105,658.2278481012657,18,3.0,4.117647058823529,124.0,2191.8021476510066,18
enhUP_interp,2,106,286.0759493670886,20,2.85,2.6,109.0,1756.4634451901563,20
enhUP_interp,2,107,365.82278481012656,21,2.9523809523809526,3.1,124.0,2214.1095525727064,21
enhUP_interp,2,108,277.21518987341767,19,2.526315789473684,2.7222222222222223,97.0,1086.9523489932885,19
enhUP_interp,2,109,197.46835443037975,23,3.0,2.6956521739130435,131.0,1743.1723042505596,23
enhUP_interp,2,110,348.1012658227848,18,2.7222222222222223,2.823529411764706,97.0,1424.452751677853,18
enhUP_interp,2,111,365.82278481012656,15,2.8,3.4285714285714284,90.0,1121.317539149888,15
enhUP_interp,2,112,401.2658227848101,14,3.642857142857143,3.9285714285714284,106.0,1637.3747427293065,14
enhUP_interp,2,113,339.24050632911394,16,3.1875,3.3125,104.0,1947.997472035794,16
enhUP_interp,2,114,631.6455696202531,20,3.0,3.05,121.0,2047.371275167785,20
enhUP_interp,2,115,330.37974683544303,14,4.142857142857143,4.0,110.0,1814.4180089485455,14
enhUP_interp,2,116,206.32911392405063,23,2.869565217391304,2.652173913043478,127.0,2111.6732662192403,23
enhUP_interp,2,117,250.63291139240505,22,2.9545454545454546,2.3636363636363638,117.0,2175.2568456375843,22
enhUP_interp,2,118,427.8481012658228,16,3.0,3.25,100.0,2108.992774049217,16
enhUP_interp,2,119,410.126582278481,19,2.6315789473684212,2.526315789473684,98.0,2081.579239373602,19
enhUP_interp,2,120,613.9240506329113,13,2.5384615384615383,5.461538461538462,104.0,1291.4668680089485,13
enhUP_interp,2,121,294.9367088607595,7,3.2857142857142856,12.428571428571429,110.0,540.0245190156601,7
enhUP_interp,2,122,436.70886075949363,14,2.9285714285714284,2.7857142857142856,80.0,1242.377382550336,14
enhUP_interp,2,123,348.1012658227848,16,3.25,3.0,97.0,1458.2305145413868,16
enhUP_interp,2,124,410.126582278481,9,2.7777777777777777,4.333333333333333,64.0,1047.4214765100667,9
enhUP_interp,2,125,100.0,21,3.4285714285714284,2.3333333333333335,121.0,1700.1301789709169,21
enhUP_interp,2,126,356.96202531645565,8,3.5,7.125,85.0,842.0778747203578,8
enhUP_interp,2,127,631.6455696202531,17,2.6470588235294117,2.8125,90.0,2008.6342505592845,17
enhUP_interp,2,128,472.15189873417717,12,3.0833333333333335,4.25,88.0,1186.5098210290826,12
enhUP_interp,2,129,516.4556962025316,26,2.769230769230769,2.730769230769231,143.0,3065.6511185682325,26
enhUP_interp,2,130,259.49367088607596,13,3.6153846153846154,3.1666666666666665,85.0,1566.895302013423,13
enhUP_interp,2,131,294.9367088607595,16,2.8125,3.5625,102.0,1442.094071588367,16
enhUP_interp,2,132,241.77215189873417,19,3.1578947368421053,2.5789473684210527,109.0,2236.524608501118,19
enhUP_interp,2,133,215.18987341772151,19,2.9473684210526314,2.3684210526315788,101.0,1901.0599552572705,19
enhUP_interp,2,134,197.46835443037975,23,2.9565217391304346,2.5454545454545454,124.0,2288.6370022371366,23
enhUP_interp,2,135,100.0,7,5.285714285714286,2.857142857142857,57.0,642.7603579418338,7
enhUP_interp,2,136,348.1012658227848,17,3.1176470588235294,4.25,121.0,1238.9549440715882,17
enhUP_interp,2,137,658.2278481012657,16,3.125,4.333333333333333,115.0,1798.9239149888147,16
enhUP_interp,2,138,259.49367088607596,9,2.888888888888889,10.375,109.0,575.2925279642058,9
enhUP_interp,2,139,277.21518987341767,7,2.4285714285714284,2.7142857142857144,36.0,442.6857941834451,7
enhUP_interp,2,140,569.620253164557,15,2.6,5.933333333333334,128.0,1684.116017897091,15
enhUP_interp,2,141,197.46835443037975,14,2.857142857142857,2.857142857142857,80.0,750.9375615212522,14
enhUP_interp,2,142,489.87341772151893,22,2.4545454545454546,2.857142857142857,114.0,1617.8947651006704,22
enhUP_interp,2,143,401.2658227848101,14,2.7857142857142856,5.214285714285714,112.0,1092.4151006711413,14
enhUP_interp,2,144,410.126582278481,10,2.6,2.2,48.0,978.108389261747,10
enhUP_interp,2,145,170.88607594936707,20,3.15,3.210526315789474,124.0,1654.8260402684566,20
enhUP_interp,2,146,436.70886075949363,12,3.4166666666666665,3.4166666666666665,82.0,1071.6049664429534,12
enhUP_interp,2,147,232.91139240506328,17,2.8823529411764706,2.2941176470588234,88.0,1108.2811409395977,17
enhUP_interp,2,148,277.21518987341767,17,3.588235294117647,3.0,109.0,2178.295503355704,17
enhUP_interp,2,149,640.506329113924,12,3.4166666666666665,3.6363636363636362,81.0,2200.286800894855,12
enhUP_raw,0,0,330.37974683544303,18,2.4444444444444446,3.5294117647058822,104.0,920.8175182481751,18
enhUP_raw,0,1,401.2658227848101,12,3.0833333333333335,3.0,73.0,1232.6058394160584,12
enhUP_raw,0,2,330.37974683544303,8,3.0,10.714285714285714,99.0,426.6824817518248,8
enhUP_raw,0,3,268.3544303797468,11,2.6363636363636362,2.7,56.0,699.3394160583941,11
enhUP_raw,0,4,277.21518987341767,12,2.9166666666666665,4.0,79.0,905.2481751824818,12
enhUP_raw,0,5,348.1012658227848,11,2.3636363636363638,3.6,62.0,729.5401459854014,11
enhUP_raw,0,6,800.0,6,2.0,2.6,25.0,448.02919708029196,6
enhUP_raw,0,7,472.15189873417717,12,3.6666666666666665,4.545454545454546,94.0,1170.9197080291972,12
enhUP_raw,0,8,410.126582278481,10,2.3,3.7777777777777777,57.0,446.4890510948905,10
enhUP_raw,0,9,410.126582278481,17,2.176470588235294,3.3529411764705883,94.0,723.6240875912408,17
enhUP_raw,0,10,330.37974683544303,14,2.5,3.3846153846153846,79.0,772.6897810218978,14
enhUP_raw,0,11,560.7594936708861,15,2.4,3.7333333333333334,92.0,1040.9014598540145,15
enhUP_raw,0,12,224.0506329113924,12,3.25,4.166666666666667,89.0,866.3138686131387,12
enhUP_raw,0,13,401.2658227848101,5,3.8,3.2,35.0,557.6824817518249,5
enhUP_raw,0,14,472.15189873417717,13,2.6153846153846154,4.166666666666667,84.0,787.3832116788321,13
enhUP_raw,0,15,286.0759493670886,16,2.625,2.6875,85.0,1062.14598540146,16
enhUP_raw,0,16,197.46835443037975,18,2.5555555555555554,2.0,82.0,1184.8065693430658,18
enhUP_raw,0,17,356.96202531645565,16,2.5625,3.466666666666667,93.0,946.7408759124088,16
enhUP_raw,0,18,206.32911392405063,4,3.5,6.75,41.0,316.1861313868613,4
enhUP_raw,0,19,303.79746835443035,13,3.0,3.1666666666666665,77.0,1111.912408759124,13
enhUP_raw,0,20,418.98734177215186,16,2.8125,2.625,87.0,1561.7664233576643,16
enhUP_raw,0,21,170.88607594936707,12,3.5,4.7272727272727275,94.0,684.8065693430657,12
enhUP_raw,0,22,206.32911392405063,16,2.9375,4.3125,116.0,1155.9525547445255,16
enhUP_raw,0,23,250.63291139240505,17,2.8823529411764706,3.75,109.0,1236.2408759124087,17
enhUP_raw,0,24,401.2658227848101,7,2.5714285714285716,6.0,60.0,458.83576642335765,7
enhUP_raw,0,25,330.37974683544303,1,2.0,,2.0,150.12773722627736,1
enhUP_raw,0,26,286.0759493670886,3,3.0,4.0,17.0,247.23722627737226,3
enhUP_raw,0,27,259.49367088607596,9,2.5555555555555554,7.0,86.0,462.14233576642334,9
enhUP_raw,0,28,516.4556962025316,17,2.823529411764706,3.588235294117647,109.0,1538.2846715328467,17
enhUP_raw,0,29,321.5189873417721,17,2.8823529411764706,2.6470588235294117,94.0,1242.1277372262773,17
enhUP_raw,0,30,268.3544303797468,8,2.875,3.142857142857143,45.0,590.7883211678832,8
enhUP_raw,0,31,241.77215189873417,10,2.8,2.6666666666666665,52.0,561.3868613138686,10
enhUP_raw,0,32,640.506329113924,2,1.5,5.5,14.0,146.91240875912408,2
enhUP_raw,0,33,516.4556962025316,10,2.0,6.111111111111111,75.0,441.95985401459853,10
enhUP_raw,0,34,401.2658227848101,11,3.5454545454545454,3.9,78.0,1020.6094890510949,11
enhUP_raw,0,35,170.88607594936707,13,3.0,6.416666666666667,116.0,469.51824817518246,13
enhUP_raw,0,36,232.91139240506328,7,3.7142857142857144,2.8333333333333335,43.0,537.7445255474453,7
enhUP_raw,0,37,294.9367088607595,15,2.8666666666666667,4.214285714285714,102.0,890.1313868613139,15
enhUP_raw,0,38,170.88607594936707,10,2.6,4.9,75.0,489.7043795620438,10
enhUP_raw,0,39,321.5189873417721,17,2.7058823529411766,2.9375,93.0,855.470802919708,17
enhUP_raw,0,40,294.9367088607595,1,1.0,,1.0,139.84671532846716,1
enhUP_raw,0,41,339.24050632911394,18,2.8333333333333335,3.4444444444444446,113.0,1348.6423357664235,18
enhUP_raw,0,42,197.46835443037975,15,2.6666666666666665,3.533333333333333,93.0,1018.3138686131387,15
enhUP_raw,0,43,649.3670886075948,18,2.5,2.411764705882353,86.0,1667.905109489051,18
enhUP_raw,0,44,436.70886075949363,16,2.5625,2.8666666666666667,84.0,1387.0474452554745,16
enhUP_raw,0,45,321.5189873417721,18,2.2777777777777777,2.0588235294117645,76.0,1099.2189781021898,18
enhUP_raw,0,46,197.46835443037975,11,4.181818181818182,4.636363636363637,97.0,1161.7773722627737,11
enhUP_raw,0,47,294.9367088607595,13,3.0,3.230769230769231,81.0,1101.64598540146,13
enhUP_raw,0,48,153.1645569620253,0,,,,139.12043795620437,0
enhUP_raw,0,49,117.72151898734177,9,3.111111111111111,8.5,96.0,504.05474452554745,9
enhUP_raw,0,50,294.9367088607595,12,2.4166666666666665,3.9166666666666665,76.0,552.6897810218978,12
enhUP_raw,0,51,294.9367088607595,8,2.875,3.857142857142857,50.0,577.7700729927008,8
enhUP_raw,0,52,197.46835443037975,20,2.7,2.8947368421052633,109.0,1214.8102189781023,20
enhUP_raw,0,53,463.2911392405063,4,3.0,2.5,22.0,381.06569343065695,4
enhUP_raw,0,54,418.98734177215186,8,3.0,3.2857142857142856,47.0,539.4817518248175,8
enhUP_raw,0,55,330.37974683544303,14,2.7142857142857144,4.923076923076923,102.0,721.5583941605839,14
enhUP_raw,0,56,392.40506329113924,2,3.0,3.5,13.0,289.9270072992701,2
enhUP_raw,0,57,330.37974683544303,16,2.625,2.8,84.0,1369.5182481751824,16
enhUP_raw,0,58,764.5569620253164,17,2.5294117647058822,3.6470588235294117,105.0,1282.2627737226278,17
enhUP_raw,0,59,348.1012658227848,6,4.833333333333333,5.0,54.0,958.2080291970802,6
enhUP_raw,0,60,339.24050632911394,13,2.0,3.25,65.0,437.61678832116786,13
enhUP_raw,0,61,348.1012658227848,16,3.0,3.1333333333333333,95.0,1171.1350364963503,16
enhUP_raw,0,62,356.96202531645565,16,2.625,4.375,112.0,1001.0474452554745,16
enhUP_raw,0,63,356.96202531645565,12,3.0,4.7272727272727275,88.0,957.4051094890511,12
enhUP_raw,0,64,330.37974683544303,20,2.35,3.75,122.0,1109.5109489051094,20
enhUP_raw,0,65,259.49367088607596,13,3.076923076923077,4.166666666666667,90.0,927.6788321167883,13
enhUP_raw,0,66,356.96202531645565,20,2.5,3.5789473684210527,118.0,1241.094890510949,20
enhUP_raw,0,67,737.9746835443037,16,2.75,4.25,112.0,1302.405109489051,16
enhUP_raw,0,68,560.7594936708861,18,2.1666666666666665,3.4444444444444446,101.0,1426.8102189781023,18
enhUP_raw,0,69,578.4810126582279,17,2.4705882352941178,2.6875,85.0,1222.434306569343,17
enhUP_raw,0,70,339.24050632911394,15,2.066666666666667,5.733333333333333,117.0,677.6678832116788,15
enhUP_raw,0,71,215.18987341772151,11,2.909090909090909,3.4,66.0,848.7445255474453,11
enhUP_raw,0,72,392.40506329113924,13,2.769230769230769,3.076923076923077,76.0,1041.6277372262773,13
enhUP_raw,0,73,135.44303797468353,19,3.210526315789474,2.8947368421052633,116.0,1416.7846715328467,19
enhUP_raw,0,74,330.37974683544303,11,2.6363636363636362,6.454545454545454,100.0,823.8102189781022,11
enhUP_raw,0,75,489.87341772151893,14,2.5,4.071428571428571,92.0,892.5364963503649,14
enhUP_raw,0,76,312.65822784810126,13,2.923076923076923,3.5,80.0,1263.9379562043796,13
enhUP_raw,0,77,401.2658227848101,14,2.2857142857142856,4.076923076923077,85.0,681.7700729927008,14
enhUP_raw,0,78,179.74683544303798,13,3.0,3.5833333333333335,82.0,728.8211678832117,13
enhUP_raw,0,79,259.49367088607596,14,3.0,4.153846153846154,96.0,779.3613138686131,14
enhUP_raw,0,80,144.30379746835442,7,3.2857142857142856,3.0,41.0,468.014598540146,7
enhUP_raw,0,81,268.3544303797468,13,3.0,3.923076923076923,90.0,937.9671532846716,13
enhUP_raw,0,82,294.9367088607595,16,2.9375,2.533333333333333,85.0,1190.8138686131388,16
enhUP_raw,0,83,658.2278481012657,11,2.272727272727273,2.727272727272727,55.0,990.7992700729927,11
enhUP_raw,0,84,339.24050632911394,10,2.2,2.888888888888889,48.0,618.5693430656934,10
enhUP_raw,0,85,401.2658227848101,10,3.1,4.111111111111111,68.0,915.92700729927,10
enhUP_raw,0,86,232.91139240506328,16,2.8125,5.0625,126.0,1107.0547445255474,16
enhUP_raw,0,87,250.63291139240505,7,3.7142857142857144,4.666666666666667,54.0,543.448905109489,7
enhUP_raw,0,88,330.37974683544303,18,1.8333333333333333,4.0,101.0,663.7335766423357,18
enhUP_raw,0,89,472.15189873417717,9,2.888888888888889,2.888888888888889,52.0,756.5364963503649,9
enhUP_raw,0,90,286.0759493670886,15,2.933333333333333,3.066666666666667,90.0,1599.85401459854,15
enhUP_raw,0,91,117.72151898734177,8,4.5,3.0,60.0,889.043795620438,8
enhUP_raw,0,92,232.91139240506328,18,2.7222222222222223,3.0588235294117645,101.0,1212.4160583941605,18
enhUP_raw,0,93,268.3544303797468,3,3.0,7.5,24.0,291.85766423357666,3
enhUP_raw,0,94,436.70886075949363,3,2.0,14.0,34.0,193.8065693430657,3
enhUP_raw,0,95,348.1012658227848,14,3.0714285714285716,3.642857142857143,94.0,992.0693430656934,14
enhUP_raw,0,96,365.82278481012656,11,3.3636363636363638,3.5,72.0,890.985401459854,11
enhUP_raw,0,97,224.0506329113924,17,2.6470588235294117,4.125,111.0,791.6021897810219,17
enhUP_raw,0,98,135.44303797468353,17,2.411764705882353,2.625,83.0,652.8102189781022,17
enhUP_raw,0,99,100.0,11,3.727272727272727,3.0,74.0,619.4087591240876,11
enhUP_raw,0,100,232.91139240506328,10,3.4,2.6666666666666665,58.0,909.8248175182482,10
enhUP_raw,0,101,250.63291139240505,16,3.0,5.266666666666667,127.0,1064.2408759124087,16
enhUP_raw,0,102,401.2658227848101,17,2.4705882352941178,2.3125,79.0,1278.6423357664235,17
enhUP_raw,0,103,224.0506329113924,6,2.3333333333333335,6.0,50.0,291.73722627737226,6
enhUP_raw,0,104,472.15189873417717,13,3.230769230769231,4.0,90.0,976.1861313868613,13
enhUP_raw,0,105,427.8481012658228,10,2.9,4.8,77.0,586.2737226277372,10
enhUP_raw,0,106,401.2658227848101,12,3.4166666666666665,3.4166666666666665,82.0,1445.565693430657,12
enhUP_raw,0,107,286.0759493670886,6,4.333333333333333,9.333333333333334,82.0,605.3686131386861,6
enhUP_raw,0,108,250.63291139240505,18,2.8333333333333335,3.111111111111111,107.0,1458.7007299270074,18
enhUP_raw,0,109,117.72151898734177,0,,,,151.38686131386862,0
enhUP_raw,0,110,339.24050632911394,20,2.55,3.1,113.0,1815.897810218978,20
enhUP_raw,0,111,250.63291139240505,9,2.7777777777777777,12.0,121.0,503.6058394160584,9
enhUP_raw,0,112,356.96202531645565,15,3.2,3.4,99.0,1421.5620437956204,15
enhUP_raw,0,113,250.63291139240505,11,3.6363636363636362,4.2,82.0,984.6386861313869,11
enhUP_raw,0,114,224.0506329113924,7,3.142857142857143,3.6666666666666665,44.0,458.11678832116786,7
enhUP_raw,0,115,472.15189873417717,18,2.7777777777777777,2.823529411764706,98.0,1545.948905109489,18
enhUP_raw,0,116,481.0126582278481,20,2.4,3.0,105.0,1081.2080291970804,20
enhUP_raw,0,117,294.9367088607595,7,2.5714285714285716,2.142857142857143,33.0,426.6021897810219,7
enhUP_raw,0,118,286.0759493670886,13,2.923076923076923,3.230769230769231,80.0,1164.2043795620439,13
enhUP_raw,0,119,135.44303797468353,13,2.8461538461538463,2.3333333333333335,65.0,581.5109489051094,13
enhUP_raw,0,120,286.0759493670886,18,3.0555555555555554,3.3333333333333335,115.0,1370.4963503649635,18
enhUP_raw,0,121,543.0379746835442,21,2.3333333333333335,2.15,92.0,1417.4890510948906,21
enhUP_raw,0,122,117.72151898734177,16,2.75,3.8125,105.0,671.6605839416059,16
enhUP_raw,0,123,224.0506329113924,16,2.5625,2.375,79.0,889.6350364963504,16
enhUP_raw,0,124,569.620253164557,16,2.75,2.6666666666666665,84.0,1759.302919708029,16
enhUP_raw,0,125,800.0,1,2.0,,2.0,156.76642335766422,1
enhUP_raw,0,126,294.9367088607595,17,2.764705882352941,3.0625,96.0,1342.4160583941605,17
enhUP_raw,0,127,179.74683544303798,1,1.0,,1.0,129.1058394160584,1
enhUP_raw,0,128,224.0506329113924,9,2.6666666666666665,2.375,43.0,599.5620437956204,9
enhUP_raw,0,129,162.0253164556962,13,3.1538461538461537,2.1538461538461537,69.0,977.7481751824818,13
enhUP_raw,0,130,153.1645569620253,15,3.4,3.2666666666666666,100.0,1141.0766423357663,15
enhUP_raw,0,131,294.9367088607595,5,2.6,4.2,34.0,410.7773722627737,5
enhUP_raw,0,132,277.21518987341767,6,2.3333333333333335,10.2,65.0,427.6094890510949,6
enhUP_raw,0,133,100.0,15,3.4,3.4285714285714284,99.0,802.9197080291971,15
enhUP_raw,0,134,498.73417721518985,10,2.7,3.111111111111111,55.0,604.0,10
enhUP_raw,0,135,277.21518987341767,14,2.7857142857142856,2.857142857142857,79.0,1204.3576642335765,14
enhUP_raw,0,136,286.0759493670886,11,3.4545454545454546,4.6,84.0,778.5656934306569,11
enhUP_raw,1,0,188.60759493670884,14,2.7142857142857144,3.3846153846153846,82.0,735.2972972972973,14
enhUP_raw,1,1,259.49367088607596,8,2.625,8.285714285714286,79.0,442.86036036036035,8
enhUP_raw,1,2,126.58227848101265,13,1.9230769230769231,2.3333333333333335,53.0,404.6756756756757,13
enhUP_raw,1,3,224.0506329113924,7,3.0,2.6666666666666665,37.0,484.1936936936937,7
enhUP_raw,1,4,356.96202531645565,14,2.5,3.2142857142857144,80.0,870.1576576576576,14
enhUP_raw,1,5,108.86075949367088,18,2.611111111111111,3.4705882352941178,106.0,709.6261261261261,18
enhUP_raw,1,6,427.8481012658228,9,2.111111111111111,5.0,64.0,510.5450450450451,9
enhUP_raw,1,7,321.5189873417721,14,2.0714285714285716,3.7142857142857144,81.0,530.4144144144144,14
enhUP_raw,1,8,294.9367088607595,3,3.6666666666666665,7.0,32.0,439.5045045045045,3
enhUP_raw,1,9,135.44303797468353,7,3.2857142857142856,2.6666666666666665,39.0,488.8288288288288,7
enhUP_raw,1,10,250.63291139240505,12,2.6666666666666665,2.909090909090909,64.0,669.3693693693693,12
enhUP_raw,1,11,286.0759493670886,12,2.4166666666666665,4.833333333333333,87.0,620.3513513513514,12
enhUP_raw,1,12,250.63291139240505,12,2.5,5.181818181818182,87.0,596.8018018018018,12
enhUP_raw,1,13,144.30379746835442,15,2.066666666666667,4.071428571428571,88.0,385.42792792792795,15
enhUP_raw,1,14,321.5189873417721,16,1.9375,3.3125,84.0,523.3603603603603,16
enhUP_raw,1,15,188.60759493670884,7,2.142857142857143,7.714285714285714,69.0,292.3738738738739,7
enhUP_raw,1,16,108.86075949367088,11,2.4545454545454546,3.3,60.0,383.97747747747746,11
enhUP_raw,1,17,144.30379746835442,7,2.2857142857142856,1.8333333333333333,27.0,275.6306306306306,7
enhUP_raw,1,18,232.91139240506328,3,2.3333333333333335,1.6666666666666667,12.0,216.25675675675674,3
enhUP_raw,1,19,259.49367088607596,11,1.6363636363636365,4.181818181818182,64.0,340.4864864864865,11
enhUP_raw,1,20,294.9367088607595,9,1.8888888888888888,3.111111111111111,45.0,319.77927927927925,9
enhUP_raw,1,21,294.9367088607595,9,1.8888888888888888,3.111111111111111,45.0,323.0855855855856,9
enhUP_raw,1,22,401.2658227848101,8,1.875,4.25,49.0,326.9549549549549,8
enhUP_raw,1,23,294.9367088607595,7,3.2857142857142856,7.0,65.0,460.9864864864865,7
enhUP_raw,1,24,250.63291139240505,6,1.6666666666666667,10.4,62.0,257.65765765765764,6
enhUP_raw,1,25,188.60759493670884,14,2.5714285714285716,2.230769230769231,65.0,885.8828828828829,14
enhUP_raw,1,26,197.46835443037975,8,2.375,5.875,66.0,342.0405405405405,8
enhUP_raw,1,27,100.0,10,2.2,5.5,77.0,335.97747747747746,10
enhUP_raw,1,28,179.74683544303798,7,2.2857142857142856,13.833333333333334,99.0,315.31531531531533,7
enhUP_raw,1,29,197.46835443037975,19,2.263157894736842,2.9444444444444446,96.0,693.1441441441441,19
enhUP_raw,1,30,197.46835443037975,13,2.5384615384615383,3.25,72.0,644.4054054054054,13
enhUP_raw,1,31,410.126582278481,12,2.0833333333333335,4.0,73.0,534.1081081081081,12
enhUP_raw,1,32,427.8481012658228,6,2.1666666666666665,4.833333333333333,42.0,362.3873873873874,6
enhUP_raw,1,33,489.87341772151893,18,2.2222222222222223,2.1666666666666665,79.0,1411.4279279279278,18
enhUP_raw,1,34,286.0759493670886,14,3.0,3.0,84.0,1042.0675675675675,14
enhUP_raw,1,35,356.96202531645565,9,2.7777777777777777,4.875,64.0,731.8198198198198,9
enhUP_raw,1,36,356.96202531645565,9,2.7777777777777777,4.875,64.0,733.6171171171171,9
enhUP_raw,1,37,498.73417721518985,13,2.4615384615384617,6.166666666666667,106.0,1016.8963963963964,13
enhUP_raw,1,38,197.46835443037975,11,2.6363636363636362,3.4545454545454546,67.0,650.981981981982,11
enhUP_raw,1,39,551.8987341772151,13,2.230769230769231,2.6153846153846154,63.0,1140.7027027027027,13
enhUP_raw,1,40,303.79746835443035,3,2.6666666666666665,2.3333333333333335,15.0,234.2117117117117,3
enhUP_raw,1,41,356.96202531645565,20,2.2,2.8,100.0,1339.1711711711712,20
enhUP_raw,1,42,401.2658227848101,9,3.111111111111111,3.6666666666666665,61.0,979.3288288288288,9
enhUP_raw,1,43,277.21518987341767,17,2.235294117647059,3.0625,87.0,858.990990990991,17
enhUP_raw,1,44,224.0506329113924,14,3.2857142857142856,3.7142857142857144,98.0,1355.036036036036,14
enhUP_raw,1,45,144.30379746835442,15,2.1333333333333333,3.2666666666666666,81.0,568.581081081081,15
enhUP_raw,1,46,259.49367088607596,12,2.8333333333333335,5.545454545454546,95.0,584.6441441441441,12
enhUP_raw,1,47,277.21518987341767,12,2.0833333333333335,2.8181818181818183,56.0,474.5810810810811,12
enhUP_raw,1,48,551.8987341772151,14,2.642857142857143,3.357142857142857,84.0,1297.418918918919,14
enhUP_raw,1,49,162.0253164556962,16,2.875,2.75,90.0,1195.8333333333333,16
enhUP_raw,1,50,401.2658227848101,18,2.7777777777777777,2.764705882352941,97.0,1333.8873873873874,18
enhUP_raw,1,51,365.82278481012656,16,2.5,2.125,74.0,1181.9279279279278,16
enhUP_raw,1,52,224.0506329113924,10,2.6,7.666666666666667,95.0,528.2522522522522,10
enhUP_raw,1,53,330.37974683544303,6,4.0,3.1666666666666665,43.0,1040.6981981981983,6
enhUP_raw,1,54,259.49367088607596,13,3.0,2.5384615384615383,72.0,1208.9504504504505,13
enhUP_raw,1,55,507.5949367088607,13,2.8461538461538463,2.6923076923076925,72.0,1021.3063063063063,13
enhUP_raw,1,56,551.8987341772151,16,2.4375,3.125,89.0,1695.081081081081,16
enhUP_raw,1,57,436.70886075949363,14,2.2142857142857144,3.0,70.0,997.6756756756756,14
enhUP_raw,1,58,800.0,12,2.1666666666666665,2.4166666666666665,55.0,1117.472972972973,12
enhUP_raw,1,59,188.60759493670884,9,2.111111111111111,2.5,39.0,383.7072072072072,9
enhUP_raw,1,60,587.3417721518987,7,3.0,3.142857142857143,43.0,810.2342342342342,7
enhUP_raw,1,61,197.46835443037975,12,3.4166666666666665,4.916666666666667,100.0,1101.018018018018,12
enhUP_raw,1,62,188.60759493670884,17,2.6470588235294117,3.125,95.0,876.1756756756756,17
enhUP_raw,1,63,100.0,0,,,,145.51351351351352,0
enhUP_raw,1,64,348.1012658227848,18,2.3333333333333335,3.0588235294117645,94.0,1114.7117117117118,18
enhUP_raw,1,65,250.63291139240505,13,3.3846153846153846,3.9166666666666665,91.0,1244.162162162162,13
enhUP_raw,1,66,197.46835443037975,17,2.823529411764706,2.875,94.0,1209.2432432432433,17
enhUP_raw,1,67,179.74683544303798,14,2.4285714285714284,2.6923076923076925,69.0,779.518018018018,14
enhUP_raw,1,68,197.46835443037975,10,3.0,4.3,73.0,701.427927927928,10
enhUP_raw,1,69,170.88607594936707,17,2.7058823529411766,2.4705882352941178,88.0,1274.536036036036,17
enhUP_raw,1,70,259.49367088607596,14,2.642857142857143,4.5,100.0,859.2567567567568,14
enhUP_raw,1,71,321.5189873417721,19,2.5789473684210527,3.0526315789473686,107.0,1398.3018018018017,19
enhUP_raw,1,72,259.49367088607596,13,2.3076923076923075,3.8333333333333335,76.0,732.3243243243244,13
enhUP_raw,1,73,489.87341772151893,6,2.3333333333333335,4.5,41.0,465.0900900900901,6
enhUP_raw,1,74,383.54430379746833,14,2.5714285714285716,2.7142857142857144,74.0,928.6891891891892,14
enhUP_raw,1,75,162.0253164556962,13,3.3076923076923075,3.5384615384615383,89.0,1045.6576576576576,13
enhUP_raw,1,76,294.9367088607595,13,2.923076923076923,3.0,77.0,904.4639639639639,13
enhUP_raw,1,77,250.63291139240505,16,2.375,3.5,94.0,735.3738738738739,16
enhUP_raw,1,78,100.0,13,3.4615384615384617,2.6923076923076925,80.0,946.8828828828829,13
enhUP_raw,1,79,250.63291139240505,9,3.888888888888889,4.375,70.0,1079.7747747747749,9
enhUP_raw,1,80,232.91139240506328,12,2.5833333333333335,2.4545454545454546,58.0,894.2027027027027,12
enhUP_raw,1,81,578.4810126582279,16,2.4375,3.7333333333333334,95.0,1599.400900900901,16
enhUP_raw,1,82,321.5189873417721,10,2.3,4.1,64.0,776.6846846846847,10
enhUP_raw,1,83,356.96202531645565,8,3.0,7.375,83.0,620.9324324324324,8
enhUP_raw,1,84,268.3544303797468,17,2.176470588235294,2.25,73.0,1172.4234234234234,17
enhUP_raw,1,85,241.77215189873417,11,3.4545454545454546,2.5454545454545454,66.0,984.4324324324324,11
enhUP_raw,1,86,250.63291139240505,11,2.272727272727273,3.7,62.0,466.84684684684686,11
enhUP_raw,1,87,241.77215189873417,19,2.5789473684210527,2.6842105263157894,100.0,1211.2252252252251,19
enhUP_raw,1,88,294.9367088607595,16,2.875,3.2,94.0,1267.8018018018017,16
enhUP_raw,1,89,268.3544303797468,4,3.75,2.6666666666666665,23.0,384.86036036036035,4
enhUP_raw,1,90,277.21518987341767,11,3.0,4.1,74.0,1071.7117117117118,11
enhUP_raw,1,91,410.126582278481,16,2.3125,2.9375,84.0,1293.7702702702702,16
enhUP_raw,1,92,259.49367088607596,11,2.909090909090909,3.909090909090909,75.0,636.5315315315315,11
enhUP_raw,1,93,232.91139240506328,11,2.727272727272727,2.9,59.0,808.3243243243244,11
enhUP_raw,1,94,179.74683544303798,17,2.7058823529411766,2.2941176470588234,85.0,1378.0945945945946,17
enhUP_raw,1,95,250.63291139240505,17,2.6470588235294117,3.75,105.0,1173.3018018018017,17
enhUP_raw,1,96,250.63291139240505,10,3.1,3.2222222222222223,60.0,711.0,10
enhUP_raw,1,97,578.4810126582279,10,1.9,4.4,63.0,534.7792792792793,10
enhUP_raw,1,98,330.37974683544303,15,2.3333333333333335,3.8,92.0,1173.355855855856,15
enhUP_raw,1,99,330.37974683544303,11,2.5454545454545454,2.090909090909091,51.0,1033.7117117117118,11
enhUP_raw,1,100,232.91139240506328,15,2.7333333333333334,2.6666666666666665,81.0,847.8963963963964,15
enhUP_raw,1,101,330.37974683544303,5,3.2,4.4,38.0,494.76126126126127,5
enhUP_raw,1,102,100.0,12,2.9166666666666665,3.3333333333333335,75.0,569.2972972972973,12
enhUP_raw,1,103,126.58227848101265,13,3.3846153846153846,2.3076923076923075,74.0,1085.063063063063,13
enhUP_raw,1,104,179.74683544303798,17,2.8823529411764706,3.125,99.0,1160.1756756756756,17
enhUP_raw,1,105,534.1772151898733,3,3.0,4.666666666666667,23.0,395.0450450450451,3
enhUP_raw,1,106,108.86075949367088,16,2.625,3.5,98.0,707.9594594594595,16
enhUP_raw,1,107,356.96202531645565,10,3.1,3.3,64.0,1231.9099099099099,10
enhUP_raw,1,108,170.88607594936707,18,2.5555555555555554,2.5555555555555554,92.0,988.3918918918919,18
enhUP_raw,1,109,294.9367088607595,12,3.0,2.6363636363636362,65.0,1100.5495495495495,12
enhUP_raw,1,110,215.18987341772151,16,2.9375,2.8,89.0,1616.8063063063064,16
enhUP_raw,2,0,250.63291139240505,13,3.0,5.666666666666667,107.0,978.4401197604791,13
enhUP_raw,2,1,321.5189873417721,22,3.3181818181818183,3.1904761904761907,140.0,2098.3562874251497,22
enhUP_raw,2,2,702.5316455696202,23,2.608695652173913,2.772727272727273,121.0,1796.1556886227545,23
enhUP_raw,2,3,472.15189873417717,21,2.4761904761904763,2.4285714285714284,103.0,1635.0508982035929,21
enhUP_raw,2,4,418.98734177215186,24,2.4166666666666665,3.7916666666666665,149.0,1777.7754491017963,24
enhUP_raw,2,5,356.96202531645565,14,2.642857142857143,3.230769230769231,79.0,844.6047904191616,14
enhUP_raw,2,6,250.63291139240505,21,2.5238095238095237,2.7,107.0,1036.3383233532934,21
enhUP_raw,2,7,117.72151898734177,22,2.6818181818181817,3.0,122.0,927.5,22
enhUP_raw,2,8,330.37974683544303,7,2.5714285714285716,4.714285714285714,51.0,457.2305389221557,7
enhUP_raw,2,9,534.1772151898733,24,2.625,2.625,126.0,2063.3473053892217,24
enhUP_raw,2,10,224.0506329113924,23,3.1739130434782608,2.6956521739130435,135.0,2192.131736526946,23
enhUP_raw,2,11,543.0379746835442,16,2.75,4.25,112.0,1388.1556886227545,16
enhUP_raw,2,12,392.40506329113924,15,3.066666666666667,2.7142857142857144,84.0,1486.4191616766468,15
enhUP_raw,2,13,330.37974683544303,21,2.9523809523809526,3.0,122.0,1567.1167664670659,21
enhUP_raw,2,14,507.5949367088607,16,2.6875,5.875,137.0,1265.8892215568862,16
enhUP_raw,2,15,268.3544303797468,20,3.05,3.0,118.0,1797.0419161676646,20
enhUP_raw,2,16,472.15189873417717,23,2.217391304347826,2.347826086956522,105.0,1716.1736526946108,23
enhUP_raw,2,17,401.2658227848101,13,2.230769230769231,2.4615384615384617,61.0,783.0239520958083,13
enhUP_raw,2,18,321.5189873417721,18,3.4444444444444446,4.611111111111111,145.0,1781.2335329341317,18
enhUP_raw,2,19,330.37974683544303,21,2.5238095238095237,3.2,117.0,886.1916167664671,21
enhUP_raw,2,20,321.5189873417721,17,2.588235294117647,3.235294117647059,99.0,1189.2814371257484,17
enhUP_raw,2,21,268.3544303797468,8,2.625,3.25,47.0,501.1706586826347,8
enhUP_raw,2,22,454.4303797468354,22,2.6818181818181817,2.6363636363636362,117.0,2184.1736526946106,22
enhUP_raw,2,23,268.3544303797468,16,2.5,4.125,106.0,805.3233532934132,16
enhUP_raw,2,24,356.96202531645565,19,2.6315789473684212,3.7777777777777777,118.0,1585.8982035928143,19
enhUP_raw,2,25,259.49367088607596,15,2.466666666666667,2.533333333333333,75.0,748.6497005988024,15
enhUP_raw,2,26,543.0379746835442,24,2.4166666666666665,3.9565217391304346,149.0,1721.1556886227545,24
enhUP_raw,2,27,348.1012658227848,19,2.526315789473684,3.6666666666666665,114.0,1128.2784431137725,19
enhUP_raw,2,28,188.60759493670884,26,3.0384615384615383,2.32,137.0,2821.5868263473053,26
enhUP_raw,2,29,188.60759493670884,10,3.6,3.7,73.0,785.6017964071856,10
enhUP_raw,2,30,277.21518987341767,11,3.272727272727273,3.3636363636363638,73.0,896.248502994012,11
enhUP_raw,2,31,162.0253164556962,19,2.789473684210526,4.2631578947368425,134.0,1043.131736526946,19
enhUP_raw,2,32,410.126582278481,24,2.5416666666666665,2.608695652173913,121.0,1834.2994011976048,24
enhUP_raw,2,33,702.5316455696202,16,1.8125,5.6875,120.0,815.1317365269462,16
enhUP_raw,2,34,596.2025316455696,20,3.0,3.0,120.0,2205.72754491018,20
enhUP_raw,2,35,356.96202531645565,19,2.6315789473684212,3.7777777777777777,118.0,1577.1556886227545,19
enhUP_raw,2,36,481.0126582278481,27,2.5555555555555554,2.3333333333333335,132.0,1991.814371257485,27
enhUP_raw,2,37,268.3544303797468,16,3.1875,3.6,105.0,1062.559880239521,16
enhUP_raw,2,38,472.15189873417717,20,2.95,3.5,129.0,1601.0419161676646,20
enhUP_raw,2,39,330.37974683544303,15,3.3333333333333335,2.5714285714285716,86.0,1450.802395209581,15
enhUP_raw,2,40,294.9367088607595,14,3.642857142857143,3.7857142857142856,104.0,1562.4071856287426,14
enhUP_raw,2,41,197.46835443037975,17,2.8823529411764706,3.6875,108.0,1014.8652694610779,17
enhUP_raw,2,42,206.32911392405063,18,3.0555555555555554,2.823529411764706,103.0,1086.7904191616767,18
enhUP_raw,2,43,543.0379746835442,23,2.652173913043478,2.5,116.0,1998.37125748503,23
enhUP_raw,2,44,232.91139240506328,11,3.4545454545454546,3.0,71.0,690.6317365269462,11
enhUP_raw,2,45,454.4303797468354,8,2.875,2.142857142857143,38.0,661.6766467065868,8
enhUP_raw,2,46,348.1012658227848,24,2.7083333333333335,2.625,128.0,2061.7694610778444,24
enhUP_raw,2,47,197.46835443037975,2,2.5,1.0,6.0,194.53293413173654,2
enhUP_raw,2,48,436.70886075949363,23,2.4782608695652173,3.1818181818181817,127.0,1844.1946107784431,23
enhUP_raw,2,49,543.0379746835442,28,2.357142857142857,2.5925925925925926,136.0,2258.991017964072,28
enhUP_raw,2,50,312.65822784810126,23,2.869565217391304,3.391304347826087,144.0,2236.9760479041915,23
enhUP_raw,2,51,321.5189873417721,23,2.608695652173913,2.3043478260869565,113.0,1518.8802395209582,23
enhUP_raw,2,52,206.32911392405063,26,2.8076923076923075,2.04,124.0,2395.2005988023952,26
enhUP_raw,2,53,250.63291139240505,18,2.7777777777777777,2.5294117647058822,93.0,1515.817365269461,18
enhUP_raw,2,54,578.4810126582279,23,2.3043478260869565,3.5652173913043477,135.0,1536.0329341317365,23
enhUP_raw,2,55,268.3544303797468,20,2.9,2.5,108.0,1754.6467065868264,20
enhUP_raw,2,56,800.0,25,2.6,3.3333333333333335,145.0,2349.0359281437127,25
enhUP_raw,2,57,569.620253164557,21,2.380952380952381,2.619047619047619,105.0,1499.4071856287426,21
enhUP_raw,2,58,339.24050632911394,9,3.7777777777777777,3.4444444444444446,65.0,1180.9520958083833,9
enhUP_raw,2,59,613.9240506329113,18,2.9444444444444446,2.9444444444444446,106.0,1774.2215568862275,18
enhUP_raw,2,60,764.5569620253164,25,2.56,2.6666666666666665,128.0,2641.5449101796407,25
enhUP_raw,2,61,108.86075949367088,0,,,,135.88023952095807,0
enhUP_raw,2,62,800.0,18,2.7222222222222223,3.388888888888889,110.0,1731.8502994011976,18
enhUP_raw,2,63,250.63291139240505,14,3.5,5.0,119.0,1161.497005988024,14
enhUP_raw,2,64,215.18987341772151,16,3.6875,2.8125,104.0,2283.4131736526947,16
enhUP_raw,2,65,356.96202531645565,16,3.1875,5.466666666666667,133.0,1251.4461077844312,16
enhUP_raw,2,66,356.96202531645565,12,2.8333333333333335,3.75,79.0,936.6766467065868,12
enhUP_raw,2,67,250.63291139240505,10,4.0,5.2,92.0,1057.437125748503,10
enhUP_raw,2,68,418.98734177215186,20,3.05,2.85,118.0,2627.8323353293413,20
enhUP_raw,2,69,286.0759493670886,18,2.6666666666666665,2.764705882352941,95.0,1120.0688622754492,18
enhUP_raw,2,70,188.60759493670884,19,3.6315789473684212,3.2222222222222223,127.0,1319.5508982035929,19
enhUP_raw,2,71,356.96202531645565,15,2.4,6.357142857142857,125.0,828.2814371257485,15
enhUP_raw,2,72,179.74683544303798,26,3.230769230769231,3.0384615384615383,163.0,2019.4520958083833,26
enhUP_raw,2,73,250.63291139240505,20,3.1,2.85,119.0,1851.2035928143712,20
enhUP_raw,2,74,543.0379746835442,21,3.142857142857143,3.15,129.0,2326.0209580838323,21
enhUP_raw,2,75,348.1012658227848,21,2.8095238095238093,3.1904761904761907,126.0,1934.0718562874251,21
enhUP_raw,2,76,392.40506329113924,22,3.1818181818181817,3.9047619047619047,152.0,1834.9101796407185,22
enhUP_raw,2,77,206.32911392405063,18,2.888888888888889,3.111111111111111,108.0,1083.502994011976,18
enhUP_raw,2,78,339.24050632911394,19,2.9473684210526314,2.8333333333333335,107.0,2148.2904191616767,19
enhUP_raw,2,79,534.1772151898733,14,2.357142857142857,3.357142857142857,80.0,1097.0718562874251,14
enhUP_raw,2,80,702.5316455696202,20,2.25,4.0,121.0,1157.562874251497,20
enhUP_raw,2,81,312.65822784810126,15,3.066666666666667,6.714285714285714,140.0,917.9251497005988,15
enhUP_raw,2,82,144.30379746835442,15,3.466666666666667,2.2666666666666666,86.0,1435.8383233532934,15
enhUP_raw,2,83,596.2025316455696,25,2.24,2.2916666666666665,111.0,2217.502994011976,25
enhUP_raw,2,84,755.6962025316456,22,2.5454545454545454,4.0,144.0,2257.395209580838,22
enhUP_raw,2,85,401.2658227848101,20,2.8,3.2,120.0,1618.9041916167664,20
enhUP_raw,2,86,339.24050632911394,20,3.15,4.6,155.0,2023.3592814371257,20
enhUP_raw,2,87,330.37974683544303,20,3.35,2.8421052631578947,121.0,2200.317365269461,20
enhUP_raw,2,88,224.0506329113924,19,3.5789473684210527,3.210526315789474,129.0,2044.6646706586826,19
enhUP_raw,2,89,418.98734177215186,19,3.4210526315789473,4.368421052631579,148.0,1772.6676646706587,19
enhUP_raw,2,90,569.620253164557,26,2.4615384615384617,3.16,143.0,1969.6946107784431,26
enhUP_raw,2,91,410.126582278481,21,2.380952380952381,2.9,108.0,1225.4461077844312,21
enhUP_raw,2,92,702.5316455696202,9,2.888888888888889,3.4444444444444446,57.0,898.1916167664671,9
enhUP_raw,2,93,401.2658227848101,20,2.8,3.2,120.0,1619.008982035928,20
enhUP_raw,2,94,321.5189873417721,21,2.7142857142857144,2.857142857142857,117.0,1211.562874251497,21
enhUP_raw,2,95,312.65822784810126,28,2.5357142857142856,2.5,141.0,2501.805389221557,28
enhUP_raw,2,96,711.3924050632911,15,2.6,2.8666666666666667,82.0,1647.9491017964071,15
enhUP_raw,2,97,516.4556962025316,29,2.413793103448276,2.142857142857143,130.0,2423.0718562874254,29
enhUP_raw,2,98,551.8987341772151,21,2.3333333333333335,2.9047619047619047,110.0,1798.1736526946108,21
enhUP_raw,2,99,348.1012658227848,18,2.388888888888889,5.176470588235294,131.0,1422.443113772455,18
enhUP_raw,2,100,498.73417721518985,9,2.3333333333333335,3.0,45.0,403.2215568862275,9
enhUP_raw,2,101,348.1012658227848,11,3.0,2.4545454545454546,60.0,994.8622754491018,11
enhUP_raw,2,102,516.4556962025316,19,3.0,3.1578947368421053,117.0,2549.3892215568862,19
enhUP_raw,2,103,498.73417721518985,24,2.3333333333333335,3.391304347826087,134.0,1150.802395209581,24
enhUP_raw,2,104,197.46835443037975,23,3.260869565217391,2.869565217391304,141.0,2426.508982035928,23
enhUP_raw,2,105,800.0,24,2.5,3.3333333333333335,140.0,2195.0239520958085,24
enhUP_raw,2,106,206.32911392405063,23,2.782608695652174,2.391304347826087,119.0,1785.9461077844312,23
enhUP_raw,2,107,321.5189873417721,25,2.8,2.7916666666666665,137.0,2220.4071856287424,25
enhUP_raw,2,108,250.63291139240505,21,2.5714285714285716,2.7,108.0,1087.0419161676646,21
enhUP_raw,2,109,259.49367088607596,27,2.7037037037037037,2.6666666666666665,145.0,1745.1377245508982,27
enhUP_raw,2,110,436.70886075949363,25,2.12,2.3333333333333335,109.0,1440.6197604790418,25
enhUP_raw,2,111,560.7594936708861,17,2.2941176470588234,3.875,101.0,1128.748502994012,17
enhUP_raw,2,112,321.5189873417721,20,3.0,3.1,122.0,1643.6467065868264,20
enhUP_raw,2,113,206.32911392405063,20,3.05,2.8,117.0,2017.0359281437127,20
enhUP_raw,2,114,356.96202531645565,23,3.0,2.8260869565217392,134.0,2084.61377245509,23
enhUP_raw,2,115,374.6835443037974,19,3.1578947368421053,3.4444444444444446,122.0,1831.9251497005987,19
enhUP_raw,2,116,188.60759493670884,29,2.7586206896551726,2.3448275862068964,148.0,2134.437125748503,29
enhUP_raw,2,117,481.0126582278481,27,2.4444444444444446,2.5185185185185186,134.0,2216.8413173652693,27
enhUP_raw,2,118,365.82278481012656,20,2.7,2.9,112.0,2114.1467065868264,20
enhUP_raw,2,119,507.5949367088607,23,2.391304347826087,2.347826086956522,109.0,2085.443113772455,23
enhUP_raw,2,120,640.506329113924,17,2.3529411764705883,4.529411764705882,117.0,1317.7634730538923,17
enhUP_raw,2,121,356.96202531645565,10,2.9,9.9,128.0,565.8892215568862,10
enhUP_raw,2,122,197.46835443037975,18,2.888888888888889,2.0555555555555554,89.0,1272.3922155688622,18
enhUP_raw,2,123,516.4556962025316,20,2.6,2.9473684210526314,108.0,1468.0209580838323,20
enhUP_raw,2,124,507.5949367088607,10,2.7,4.4,71.0,1057.7005988023952,10
enhUP_raw,2,125,100.0,23,3.608695652173913,2.3043478260869565,136.0,1701.2574850299402,23
enhUP_raw,2,126,294.9367088607595,9,3.5555555555555554,6.888888888888889,94.0,854.0269461077844,9
enhUP_raw,2,127,454.4303797468354,19,2.8421052631578947,2.611111111111111,101.0,2012.4101796407185,19
enhUP_raw,2,128,498.73417721518985,16,2.5,3.625,98.0,1193.3532934131736,16
enhUP_raw,2,129,197.46835443037975,28,3.107142857142857,2.5714285714285716,159.0,3067.988023952096,28
enhUP_raw,2,130,551.8987341772151,13,3.769230769230769,3.8333333333333335,95.0,1567.2215568862275,13
enhUP_raw,2,131,436.70886075949363,19,2.736842105263158,3.611111111111111,117.0,1471.3922155688622,19
enhUP_raw,2,132,241.77215189873417,23,2.869565217391304,2.347826086956522,120.0,2240.72754491018,23
enhUP_raw,2,133,215.18987341772151,21,2.9047619047619047,2.4285714285714284,112.0,1907.811377245509,21
enhUP_raw,2,134,215.18987341772151,27,2.7777777777777777,2.4615384615384617,139.0,2321.1377245508984,27
enhUP_raw,2,135,100.0,7,5.571428571428571,3.4285714285714284,63.0,644.0838323353294,7
enhUP_raw,2,136,303.79746835443035,18,3.2777777777777777,4.470588235294118,135.0,1267.5179640718563,18
enhUP_raw,2,137,658.2278481012657,21,2.761904761904762,3.75,133.0,1817.61377245509,21
enhUP_raw,2,138,188.60759493670884,11,2.909090909090909,9.0,122.0,602.9101796407185,11
enhUP_raw,2,139,224.0506329113924,9,2.4444444444444446,2.111111111111111,41.0,467.6736526946108,9
enhUP_raw,2,140,622.7848101265822,17,2.4705882352941178,5.882352941176471,142.0,1707.3592814371257,17
enhUP_raw,2,141,339.24050632911394,17,2.3529411764705883,2.8823529411764706,89.0,765.997005988024,17
enhUP_raw,2,142,250.63291139240505,23,2.739130434782609,2.909090909090909,127.0,1679.4461077844312,23
enhUP_raw,2,143,401.2658227848101,16,2.8125,4.9375,124.0,1099.6467065868264,16
enhUP_raw,2,144,392.40506329113924,12,2.5,2.0,54.0,981.565868263473,12
enhUP_raw,2,145,179.74683544303798,25,2.8,2.12,123.0,1663.008982035928,25
enhUP_raw,2,146,640.506329113924,15,2.8,3.2666666666666666,91.0,1117.314371257485,15
enhUP_raw,2,147,232.91139240506328,18,2.9444444444444446,2.4444444444444446,97.0,1123.4221556886228,18
enhUP_raw,2,148,241.77215189873417,22,3.0,2.619047619047619,121.0,2179.6077844311376,22
enhUP_raw,2,149,800.0,15,3.066666666666667,3.7142857142857144,98.0,2225.6497005988026,15
enhUP_raw,2,150,188.60759493670884,7,4.142857142857143,2.5714285714285716,47.0,735.3562874251497,7
enhUP_raw,2,151,330.37974683544303,18,3.611111111111111,3.4705882352941178,124.0,1632.3053892215569,18
enhUP_raw,2,152,445.56962025316454,4,2.0,1.5,14.0,284.2544910179641,4
enhUP_raw,2,153,551.8987341772151,23,2.260869565217391,2.1818181818181817,100.0,1585.2814371257484,23
enhUP_raw,2,154,259.49367088607596,19,3.1052631578947367,2.789473684210526,112.0,1911.0748502994013,19
enhUP_raw,2,155,534.1772151898733,22,2.590909090909091,4.318181818181818,152.0,2149.2754491017963,22
enhUP_raw,2,156,259.49367088607596,19,3.1578947368421053,4.894736842105263,153.0,1321.556886227545,19
enhUP_raw,2,157,489.87341772151893,14,2.5714285714285716,2.7142857142857144,74.0,752.8892215568862,14
enhUP_raw,2,158,605.0632911392404,18,2.888888888888889,3.588235294117647,113.0,2065.7904191616767,18
enhUP_raw,2,159,356.96202531645565,26,2.4615384615384617,3.0384615384615383,143.0,1626.2395209580839,26
enhUP_raw,2,160,631.6455696202531,18,2.7222222222222223,5.777777777777778,153.0,1483.2245508982037,18
enhUP_raw,2,161,321.5189873417721,29,2.2758620689655173,2.0357142857142856,123.0,2128.251497005988,29
enhUP_raw,2,162,436.70886075949363,19,2.526315789473684,3.7222222222222223,115.0,1568.3413173652696,19
enhUP_raw,2,163,702.5316455696202,10,3.1,8.666666666666666,109.0,1230.8982035928143,10
enhUP_raw,2,164,551.8987341772151,19,2.526315789473684,2.388888888888889,91.0,1532.008982035928,19
enhUP_raw,2,165,303.79746835443035,21,3.0476190476190474,2.8095238095238093,123.0,2625.065868263473,21
enhUP_raw,2,166,356.96202531645565,23,2.8260869565217392,2.9545454545454546,130.0,1681.9580838323354,23
